cat-0,time-1,target-2
cat0,2026-09-29T16:31:24.662,0.5821190584549210
cat0,1943-03-08T5:16:21.366,0.28911100973707000
cat0,1931-03-13T16:49:42.655,-1
cat0,1931-06-28T17:55:25.790,-1
cat0,1931-08-21T18:38:39.048,-1
cat0,1902-04-09T5:20:15.100,0.8219057169987630
cat0,1958-09-30T3:46:00.747,-0.06097665232903070
cat2,1963-04-01T4:29:01.524,1.6305910497902800
cat0,1994-08-18T14:15:51.989,-0.26007160391160400
cat2,1946-01-17T15:49:53.256,-0.7401210045791640
cat0,1915-07-21T11:37:11.978,-0.8592093953278260
cat2,2011-07-22T16:45:51.871,-1.7568120469139500
cat0,2016-10-10T5:16:23.593,-0.5310333702436090
cat1,2048-09-30T3:27:01.697,0.9053365450711390
cat0,1957-05-17T11:09:13.839,-0.30656425886528900
cat1,1943-03-16T21:58:56.649,0.8347639933692480
cat0,1905-02-16T12:07:23.988,0.5283341437716730
cat0,1947-01-19T9:26:54.399,-0.41432260513264500
cat0,2035-07-24T15:42:57.227,0.733492187504245
cat0,1969-05-10T12:41:49.366,-0.2670765988407150
cat0,1953-09-07T15:00:59.122,-0.22903006922953900
cat0,1926-12-04T16:45:27.271,0.4930334962821330
cat0,1922-06-11T0:56:35.490,1.4139069032069500
cat0,1987-11-13T23:33:28.351,0.10347867906329900
cat0,1989-06-15T1:35:57.521,2.035475998314620
cat0,1914-03-06T17:25:56.896,-1.5638121292421000
cat0,1958-02-09T23:41:51.520,1.0254026140276200
cat0,2033-03-27T10:19:47.163,0.16018943010818100
cat0,1961-03-15T6:51:20.295,-0.9601418247082480
cat2,2000-12-20T19:01:50.707,0.7763878911328020
cat2,1906-12-10T16:56:52.591,0.22045687659107500
cat2,1934-03-15T14:43:33.029,-1.1645015775659600
cat0,1988-12-09T18:09:57.287,0.7730073356127860
cat0,2014-07-26T14:22:05.975,-0.13655895440895100
cat2,1995-02-25T3:50:36.725,1.2057283784679800
cat0,2037-06-17T8:14:05.896,0.677474230016623
cat0,1974-02-24T8:19:47.256,1.0655503187403000
cat0,2018-11-16T11:20:24.234,0.10591084011184700
cat0,2049-08-01T6:01:07.320,-0.27315294379495700
cat2,2034-10-10T6:49:52.690,0.41333184640770600
cat0,2020-08-06T20:33:26.529,0.09121420947664510
cat1,1937-03-04T16:18:21.103,0.9451454593608690
cat0,1900-12-14T16:54:31.894,0.6663151718254280
cat0,1906-01-01T13:19:01.459,0.7130736001763760
cat0,1990-12-09T22:44:29.509,-0.5330757532726580
cat0,1915-11-19T22:05:36.169,1.0077734881398700
cat1,1955-02-10T8:35:37.962,-0.25500505883259500
cat2,1905-06-02T19:01:33.473,-0.2245574757546850
cat0,1934-09-01T8:36:42.380,-0.8586929211596630
cat2,2038-05-19T12:02:28.495,-0.6764379139292900
cat0,1946-04-08T19:49:25.464,-0.7906449473892130
cat0,1950-01-26T0:53:40.934,0.44242706129835600
cat2,1978-03-17T1:36:05.646,1.1192739104291600
cat0,1913-11-11T8:11:55.283,0.8830437502037900
cat0,1964-10-25T18:03:14.136,-0.515647729966376
cat0,2039-05-29T21:16:00.974,-1.2720781270594700
cat0,1933-06-30T14:41:51.993,0.24274586107814700
cat0,1971-09-11T5:37:36.963,0.23189845024882100
cat1,1997-06-30T21:49:29.876,-0.12461666185719900
cat1,2017-07-12T8:51:16.998,-0.5571074508009260
cat2,2007-09-21T15:09:48.434,-0.3404447290883770
cat2,1920-09-10T15:31:03.891,0.5595450671986010
cat1,1912-03-06T2:26:36.620,-0.6431488920943390
cat0,1952-10-10T15:12:56.216,1.3301043499142600
cat1,2042-04-06T22:51:12.573,0.5338647900730440
cat0,1927-11-01T6:42:12.123,0.9376235332551990
cat2,1966-01-29T1:41:48.103,-1.5583867815668900
cat0,1994-02-28T16:04:20.880,-0.8548996184634290
cat0,2000-08-22T13:22:33.168,0.7243121379329790
cat0,1925-06-15T19:05:42.763,1.472567719814430
cat2,1993-06-04T21:27:15.828,0.5743605788239800
cat1,1999-10-30T5:10:41.221,1.0093985408198600
cat0,1979-04-28T11:45:39.671,-1.2829071960692100
cat0,1914-03-03T12:03:05.987,-0.006090036975676140
cat0,1969-07-08T13:34:26.637,0.24033123749079200
cat0,1981-02-16T17:39:57.260,-0.14480707025870100
cat0,2028-07-25T7:44:39.914,-0.368477329529651
cat0,2013-07-31T0:38:37.289,-1.5389579241901400
cat0,2026-07-28T9:58:22.232,0.6990834907310900
cat0,1972-02-02T15:39:02.249,0.032174271299641800
cat1,2020-03-24T7:45:53.709,0.7188032118220840
cat0,1929-01-07T21:12:29.175,1.0707555021937300
cat2,1988-07-18T17:52:22.655,-0.3702268136112520
cat0,1912-12-27T1:15:03.508,-0.8356060199882280
cat0,1957-03-21T2:24:55.895,-0.2748331290839940
cat0,1986-05-16T12:41:43.809,0.58993195183012
cat0,2004-04-26T9:44:31.891,-0.06216461118726400
cat0,1937-04-04T23:57:35.694,0.4990496466115030
cat0,2005-02-26T2:53:14.063,1.1889700875468200
cat1,2046-02-11T11:57:34.373,0.142326530947397
cat2,1979-02-15T9:30:32.200,0.8549093808727780
cat1,2000-07-01T21:09:08.277,0.30830920195537900
cat0,2037-06-12T3:11:02.213,2.2121661882949100
cat1,2031-12-13T3:18:12.063,0.18528098554418400
cat0,1911-02-03T15:20:34.943,-0.4560341989291740
cat0,1943-12-22T20:05:19.409,1.4863099407576300
cat0,1997-04-07T4:02:44.603,2.09854603172495
cat0,1930-06-23T11:43:59.876,-1.0536218945100000
cat0,1929-04-21T15:11:50.066,1.0565456966844700
cat0,1925-07-26T14:53:25.142,-0.5397494485294180
cat0,1944-09-29T15:21:33.294,1.1597851429728700
cat0,2009-12-18T18:04:00.400,-1.1740184363978500
cat0,2039-08-03T17:22:27.227,-0.03732293980342540
cat0,2036-02-19T12:36:17.345,-0.3442238514024860
cat0,1969-01-26T10:16:25.750,1.0363958381942800
cat0,1983-10-08T21:37:13.993,-1.7749962525421200
cat0,1986-02-06T6:40:55.095,-0.09265229773296750
cat0,2032-08-23T13:24:53.260,0.19346024114437200
cat0,1972-04-25T23:39:01.835,0.8049292862157450
cat0,2026-02-07T15:03:13.438,0.9647207293848130
cat2,1953-02-22T14:44:04.693,0.20018856482556200
cat0,1970-07-09T7:05:07.707,-2.004828960068260
cat0,1997-06-02T17:03:38.475,0.06514003733753670
cat0,2004-01-10T0:42:16.843,0.565612001411909
cat0,2037-05-08T1:38:26.949,-0.12947313356597800
cat2,1904-12-30T16:19:03.190,-0.3802963029897950
cat0,2044-08-14T1:09:41.834,-1.3376236333025500
cat0,1995-02-06T13:12:29.490,-1.7586577948873400
cat0,1994-04-08T12:14:05.738,-0.7164265052505330
cat0,1984-12-26T18:19:51.763,0.5828101433809760
cat0,2011-03-04T22:52:37.045,1.6422687826352700
cat0,1932-07-22T19:49:45.682,-0.6206032442136570
cat0,1956-09-24T22:15:56.527,0.5561418703594510
cat0,2016-03-23T6:51:58.930,1.1141900754393600
cat0,2022-01-30T11:15:06.457,0.34402310509642300
cat0,1971-01-24T20:50:11.617,-0.4251765814017670
cat0,2026-06-01T22:31:35.381,-0.5574214393781720
cat0,2045-11-21T2:43:50.298,-1.114043815649420
cat0,1925-08-28T20:16:41.681,1.7288624914097400
cat1,2020-07-10T3:47:41.474,1.1182762124351800
cat0,1983-08-12T7:06:49.959,-1.1501177076554000
cat1,1943-02-21T12:22:19.881,-0.8185904216101460
cat0,2033-11-30T22:15:54.134,1.1498369718552100
cat0,1924-12-02T23:36:24.537,-2.4121216212237400
cat2,1993-02-04T1:24:32.645,-0.13636895022538400
cat2,1986-03-26T8:26:41.025,0.2641061183839990
cat0,1900-03-31T22:45:10.567,2.201780641590700
cat1,1951-09-17T20:12:41.741,1.021967918823420
cat1,2002-06-23T1:48:42.729,1.7194262027600700
cat0,1996-05-19T20:10:39.516,0.5524179526448160
cat0,1986-06-21T12:02:51.846,-1.4928671875266400
cat0,1906-03-24T10:37:52.499,-0.42172902252412800
cat1,2022-05-05T2:10:24.340,1.4541544526517800
cat0,2028-07-19T9:58:02.194,0.18953799761736400
cat0,1978-09-28T5:37:16.864,1.0310285871689400
cat0,1957-06-28T19:44:27.900,-0.5796417748998800
cat0,1988-05-06T21:21:10.786,0.8828116785473860
cat0,1901-12-22T2:46:21.892,-1.646676071362500
cat0,2037-12-31T23:54:53.715,-0.3161929346202230
cat0,1993-08-10T11:44:08.383,-1.3272509684332300
cat0,2005-05-08T17:49:45.658,0.16930449912637500
cat0,1900-07-21T22:01:14.345,1.9435946533952800
cat0,1938-01-10T22:26:47.351,-1.4671075749086300
cat0,1936-08-06T14:33:34.532,0.212511042699229
cat0,1919-03-02T1:03:54.893,0.020399572287449300
cat0,1921-01-01T3:03:47.887,0.35734200591277800
cat1,1952-04-20T18:27:20.512,1.9676844425934200
cat0,1959-04-02T18:13:41.907,-0.5119134389772020
cat0,1953-01-22T6:21:07.770,0.04749690540832350
cat0,1907-09-02T22:00:19.345,0.8993181857661180
cat0,2006-09-25T16:04:13.729,-1.5195694894801900
cat0,2015-12-05T20:48:19.164,0.31440991113559600
cat2,2031-03-12T10:39:35.284,0.19517678952274300
cat0,1914-11-02T18:26:49.959,1.3924684385998000
cat0,2028-11-07T15:45:07.165,2.245589411937280
cat0,2007-06-03T22:44:09.559,-0.04421000280828650
cat0,1985-08-24T21:06:33.715,0.00965540140266617
cat1,2007-06-22T2:46:46.681,1.3016461106304100
cat0,1939-09-25T15:35:18.960,-0.5714184600337600
cat0,2049-03-07T10:24:03.908,1.5051956737416700
cat0,1906-09-14T20:07:13.602,-0.12118586051497600
cat0,1949-10-01T7:42:26.774,-0.07283079353557090
cat0,1944-12-26T5:49:34.903,0.4413914486288290
cat2,2016-01-25T18:11:19.595,1.4314375764699900
cat0,1967-02-09T19:09:59.742,-0.16160834785845400
cat0,2017-02-08T18:18:33.093,1.0361577631102900
cat0,1977-01-19T9:29:07.718,-1.4324022090269600
cat0,1919-01-08T13:28:18.191,0.10470273455867000
cat0,1959-11-07T11:01:15.776,-0.29730150599006000
cat0,2018-11-03T8:49:47.969,0.015326854839532700
cat1,1915-10-30T22:05:49.914,0.7494921472275590
cat0,1963-10-25T3:29:54.445,-1.1126315770128600
cat0,2017-01-29T17:05:48.118,1.9994713505082300
cat0,2037-09-30T3:10:28.484,-0.5315165567309280
cat0,1907-12-07T9:54:33.171,0.9160199464386500
cat0,1951-10-06T3:22:21.109,0.5195273063453780
cat0,2040-08-01T2:24:16.850,0.33771003328854000
cat0,1916-05-15T22:59:49.072,0.2593548937962110
cat0,2002-08-04T5:40:13.932,-1.697428819611660
cat0,1931-02-14T19:37:26.516,-1
cat2,1958-03-03T7:31:35.000,-0.6704726021824540
cat1,2036-09-16T0:11:48.021,0.43048330053900100
cat0,1975-03-14T6:50:10.967,0.11022290467859000
cat0,1913-04-05T18:53:00.432,0.14584183035653000
cat0,1931-09-19T16:05:13.953,-1
cat0,2023-01-13T11:09:09.747,0.16571654398934800
cat0,1931-08-22T21:35:43.969,-1
cat0,1931-01-19T20:23:33.972,-1
cat1,1957-03-26T9:21:48.781,-1.7268130401605500
cat0,1955-04-17T14:01:47.479,-0.3089360138244860
cat0,2044-08-07T3:40:41.513,-1.1723835438417100
cat0,2036-08-03T17:01:39.561,-0.8058804952591580
cat0,1980-04-24T23:46:33.530,-0.5792728170018570
cat0,1937-12-01T3:26:52.960,-0.2737531041793590
cat0,1939-07-18T2:18:27.259,-0.682317950550447
cat0,1941-03-03T3:05:15.876,1.2763762150341000
cat2,1950-04-24T2:13:25.968,-1.5097650978383700
cat1,1924-02-05T16:21:37.875,-0.49429140441180600
cat0,2002-01-04T23:41:57.420,0.7051057266307690
cat2,1976-10-10T1:43:39.433,-0.7997068683282050
cat2,1993-03-05T11:20:23.655,-0.5235638819260030
cat0,1901-02-12T18:28:27.719,0.214494264661566
cat1,1931-03-29T7:24:33.865,-1
cat2,1931-08-01T7:59:14.385,-1
cat0,1917-12-10T18:19:14.408,-0.8330653149157880
cat0,1927-08-06T4:57:51.283,-1.759243641873800
cat0,2014-08-23T22:58:11.287,0.1495098271952180
cat0,2017-03-09T2:12:07.338,0.46452476013384100
cat0,2012-02-18T5:53:22.966,0.6578364853912080
cat0,1992-12-16T10:07:54.444,0.22872914287056600
cat0,1917-03-25T17:53:50.290,-0.22257909522915300
cat0,2002-08-09T20:52:50.200,-0.6827475148095230
cat0,2047-07-12T20:02:00.461,-0.7408112331759320
cat0,2043-02-06T15:25:54.802,-0.10254478669677300
cat0,1934-01-21T13:30:55.065,0.1119091893971190
cat0,1921-05-12T2:51:56.981,-2.1585479491704100
cat1,2040-01-06T15:00:51.097,0.46963869067110800
cat0,1929-02-26T12:17:05.858,0.33099004886213200
cat0,2003-10-20T17:52:18.651,0.3111628491987360
cat2,1977-07-13T11:40:20.387,-0.5654407985224700
cat1,1948-04-16T2:00:15.361,0.27135301540011400
cat0,1901-03-22T8:00:00.860,0.04635295220462040
cat1,2036-05-28T3:32:13.350,1.9257466626852100
cat0,2006-10-09T4:11:50.229,1.085227427523830
cat0,1994-12-01T11:38:51.785,0.3656194155702400
cat0,1907-10-01T12:41:49.042,-3.2407394534919500
cat1,2014-08-26T8:45:31.304,-0.4640914665450860
cat0,1945-06-18T23:18:10.298,0.3357893349123490
cat0,2016-07-12T7:33:40.002,-0.6772104187573440
cat2,1966-07-10T23:28:04.002,0.8753693974481490
cat0,1934-07-08T2:23:48.065,0.6070541317561760
cat1,1982-06-23T6:21:28.689,-0.20732234183355400
cat0,1962-12-27T23:09:27.166,-0.17722034147295900
cat0,1928-02-28T10:52:59.623,1.1318203682021600
cat2,1968-06-10T13:18:43.631,0.39785428580944600
cat0,1931-12-14T16:39:35.027,-1
cat0,1931-08-10T6:26:20.557,-1
cat0,1931-01-28T12:32:46.181,-1
cat0,1931-01-18T21:45:09.874,-1
cat0,1931-12-26T17:51:57.956,-1
cat2,1931-07-01T15:54:32.555,-1
cat0,2025-10-24T11:39:47.960,-1.1924143220322200
cat0,2041-03-13T6:13:51.976,0.024184585503312300
cat0,1931-02-20T19:27:01.947,-1
cat0,1954-07-15T4:37:23.391,-2.346425057105350
cat0,1979-06-26T6:35:41.361,-0.07068661764904830
cat0,1990-04-09T22:50:15.770,-0.4410019308408970
cat0,1928-03-10T9:08:37.503,-1.7466423414863000
cat0,1928-02-24T7:56:32.345,-0.5572564534711060
cat0,2047-12-23T4:21:43.392,1.0585301265333400
cat2,2022-06-13T11:29:14.013,-1.0600131165620800
cat0,1976-02-25T22:05:20.352,0.4928462597150440
cat0,1931-12-14T16:39:35.027,-1
cat0,1931-08-10T6:26:20.557,-1
cat0,1931-01-28T12:32:46.181,-1
cat2,1931-01-18T21:45:09.874,-1
cat0,1931-12-26T17:51:57.956,-1
cat0,1931-07-01T15:54:32.555,-1
cat0,1908-09-28T18:28:05.645,0.19464144688515900
cat0,2029-11-26T14:20:56.750,0.19004278833364400
cat0,1906-11-19T10:28:25.365,-0.6472871396831650
cat0,1917-09-20T15:00:04.164,1.013633976112500
cat1,2035-02-01T7:24:37.612,0.29024719457425700
cat0,1958-04-01T14:33:24.112,-0.029207980352454800
cat2,1925-06-09T18:59:38.575,1.0246312819387900
cat0,1904-02-21T0:41:42.182,-0.17599336952736200
cat2,2044-08-21T13:13:28.244,0.43405787951716800
cat0,2024-07-19T10:07:43.884,1.4236254093449600
cat2,2028-09-28T14:48:03.091,-0.3640395785806630
cat0,1911-12-15T20:04:27.661,-0.33822358673185800
cat0,2049-03-21T22:23:36.855,0.5282539820603190
cat0,1944-07-04T17:18:28.528,2.0277291550034600
cat2,1919-08-04T0:30:18.831,-0.5715261607263670
cat0,2037-09-22T22:29:38.410,1.2999437598804400
cat0,1952-03-14T8:02:53.678,-0.8591634332772860
cat0,1910-01-13T16:43:19.825,0.5893451951627660
cat1,1961-09-02T3:10:06.322,0.29624748880293500
cat0,2045-08-29T5:44:42.833,-0.028153501861295100
cat0,2030-03-26T0:35:44.429,-0.006049341459727650
cat0,1977-02-03T5:44:15.723,-0.8093839397549500
cat1,2000-04-13T3:07:57.802,-1.0602828193541500
cat0,1931-12-14T16:39:35.027,-1
cat0,1931-08-10T6:26:20.557,-1
cat1,1931-01-28T12:32:46.181,-1
cat0,1931-01-18T21:45:09.874,-1
cat0,1931-12-26T17:51:57.956,-1
cat0,1931-07-01T15:54:32.555,-1
cat0,1937-06-26T9:06:25.779,-0.5575919869390680
cat0,1902-11-20T14:21:02.771,-0.5110650975515740
cat2,1902-11-06T7:59:48.748,-0.06648019635630250
cat1,2002-11-05T5:57:05.701,0.48242660357284200
cat0,1902-05-30T5:16:52.591,-0.32639702472835700
cat2,1963-11-19T19:36:54.285,-0.2835302847603890
cat2,1995-09-30T20:01:44.474,0.13500405739169200
cat0,1970-07-26T15:29:32.382,0.5709338833137890
cat0,1920-10-14T7:40:25.332,1.2432477130963200
cat0,2016-04-13T11:10:28.321,0.47544920654485900
cat0,2017-04-12T14:48:27.933,1.8551109040944600
cat0,1913-11-25T19:49:38.022,0.4608726606465240
cat0,1925-09-26T9:17:25.753,0.5441105985316490
cat1,1906-01-01T7:56:14.708,-0.26145351286988300
cat0,1989-02-22T9:23:08.133,-0.044434143744026000
cat0,1931-12-14T16:39:35.027,-1
cat0,1931-08-10T6:26:20.557,-1
cat2,1931-01-28T12:32:46.181,-1
cat0,1931-01-18T21:45:09.874,-1
cat2,1931-12-26T17:51:57.956,-1
cat0,1931-07-01T15:54:32.555,-1
cat1,2009-01-14T16:29:27.997,-0.8266732134296790
cat0,1965-02-24T6:07:33.566,0.5027906043477980
cat0,1995-11-23T6:04:00.687,-0.17903346519548000
cat0,2040-11-28T21:21:20.476,0.2692912241785290
cat1,1922-04-08T10:01:07.413,-0.06811114134574730
cat0,2043-05-30T6:02:12.000,0.8123027583176850
cat2,2009-05-08T11:29:21.496,-1.0364510557379800
cat0,2014-01-21T20:25:13.967,0.1834221203490190
cat2,1961-12-15T4:50:14.765,0.1038775396168490
cat0,1970-01-24T22:41:58.701,0.7736381924483240
cat1,1901-01-31T19:59:37.702,2.3766118084894800
cat0,1994-06-20T6:28:14.132,-2.342212199150040
cat0,2000-10-14T19:33:39.102,0.08909887383584800
cat0,1948-03-10T13:35:30.856,-0.31235218127938300
cat2,2049-09-29T7:41:50.721,-0.44886717425149500
cat0,2018-11-05T6:32:51.473,-0.5342040011218960
cat0,2043-12-18T15:15:19.016,-0.4271957416985150
cat2,1931-12-14T16:39:35.027,-1
cat0,1931-08-10T6:26:20.557,-1
cat2,1931-01-28T12:32:46.181,-1
cat0,1931-01-18T21:45:09.874,-1
cat0,1931-12-26T17:51:57.956,-1
cat2,1931-07-01T15:54:32.555,-1
cat0,2029-08-20T15:04:23.237,0.3313624181426000
cat2,2035-05-01T11:50:44.414,-1.4316309763191400
cat1,1923-09-06T22:17:39.265,-2.042169181695800
cat2,1985-07-25T19:08:24.166,-1.187268035458480
cat0,1923-01-23T15:31:13.429,-0.4917668789249820
cat0,2036-01-22T19:13:32.204,0.4142466579811230
cat0,1955-11-07T8:41:07.800,0.9315680752325030
cat0,1960-02-14T7:17:15.030,1.8347348865329800
cat0,2016-04-26T1:19:38.112,1.313956072447840
cat0,2009-11-08T12:01:25.450,0.6870445805995850
cat1,1960-08-29T20:01:24.947,0.5454055546224880
cat2,1983-04-12T20:11:02.588,-0.03497302315536950
cat0,1939-10-06T12:00:17.112,-0.49585152456109100
cat1,1958-01-31T19:25:52.784,-0.5524625452088550
cat1,1986-01-01T10:20:35.787,2.866141512310220
cat2,2032-03-14T18:36:04.969,0.1419869445651420
cat0,2049-10-21T16:08:33.120,-0.007072637319371280
cat2,1911-10-16T20:57:27.574,-0.8652528237307920
cat2,2006-05-18T11:03:52.106,0.9139580765867260
cat2,1901-11-16T4:04:56.665,0.6709029693558610
cat0,1939-08-11T5:01:00.088,1.0453477443635500
cat0,1924-11-29T14:01:02.006,2.6041199544161500
cat0,1908-12-19T6:21:19.812,0.11536738429440300
cat0,2018-07-12T21:34:24.364,2.179771395031100
cat0,1976-08-20T15:28:18.858,-0.8156479896503770
cat0,1976-01-03T20:46:28.405,-1.787043880552940
cat1,1991-05-23T2:04:39.732,-0.3523566404925980
cat0,1931-12-14T16:39:35.027,-1
cat2,1931-08-10T6:26:20.557,-1
cat0,1931-01-28T12:32:46.181,-1
cat2,1931-01-18T21:45:09.874,-1
cat0,1931-12-26T17:51:57.956,-1
cat0,1931-07-01T15:54:32.555,-1
cat0,2014-12-22T7:21:48.927,0.18148409995238200
cat0,2036-07-29T7:07:31.685,-0.4601100241043700
cat1,2030-07-19T2:15:36.027,0.49701577307102
cat0,1930-12-15T2:49:45.352,0.17931598672446100
cat1,1951-08-19T21:42:30.649,-0.9367617305376250
cat0,2042-08-04T19:02:17.063,-0.8992844181485360
cat0,1935-03-08T15:14:46.774,-0.43883224522294700
cat2,1955-07-05T14:35:21.821,0.1485070891438940
cat0,1912-06-08T15:21:34.010,0.28091462078790300
cat0,1965-11-16T11:41:36.453,-0.09831429252196150
cat0,1961-07-08T0:04:13.710,0.4965296511115250
cat1,1976-07-18T10:09:54.705,0.6265267733394610
cat0,2026-10-10T18:34:09.132,-0.5325470214301240
cat0,1983-10-22T19:34:39.793,0.641031937995835
cat0,1938-01-27T10:49:21.089,-2.1114184306322500
cat0,2047-08-23T23:23:41.918,0.3421497279496780
cat0,2045-07-29T15:44:22.567,-0.18436879651282700
cat0,1931-12-14T16:39:35.027,-1
cat0,1931-08-10T6:26:20.557,-1
cat0,1931-01-28T12:32:46.181,-1
cat0,1931-01-18T21:45:09.874,-1
cat0,1931-12-26T17:51:57.956,-1
cat1,1931-07-01T15:54:32.555,-1
cat0,1975-11-27T22:24:15.083,0.21009296977518400
cat0,2022-09-01T2:26:48.336,-0.5326922995925790
cat0,1930-12-23T17:53:35.768,0.37228448263211300
cat1,2027-12-24T15:39:20.876,1.263061317510000
cat0,1914-04-01T11:37:02.401,-2.2477137036475200
cat0,2023-07-24T3:56:03.623,-1.2516501967136
cat0,1938-06-05T16:36:16.830,0.48708834464603600
cat0,1973-11-24T22:40:25.608,-0.18983254772095800
cat0,2043-01-31T13:12:51.442,0.45003666539015900
cat0,1924-11-02T5:05:14.264,-0.02764173191849530
cat0,1915-01-01T22:23:44.099,-1.0364440893669300
cat0,2034-03-02T4:18:18.183,-0.04861108189196200
cat1,1969-07-18T15:14:00.249,-1.3503574075735600
cat0,2016-10-25T1:28:16.405,1.412068792907980
cat0,1994-10-28T2:37:51.504,-1.7090460834174200
cat0,1995-12-28T8:09:14.335,-0.6463865813923930
cat0,1909-11-08T11:37:23.288,-0.09715109449241340
cat0,1979-08-17T10:33:40.603,-0.0669171688927211
cat1,1974-06-14T1:39:23.204,-0.28423953371718400
cat0,2030-05-05T13:18:56.482,0.10177538940764000
cat0,1974-07-11T18:10:49.621,-1.3971378434890200
cat0,2015-06-22T21:32:27.561,-0.4459115480670370
cat0,2034-01-07T7:06:23.947,-0.6856637943869150
cat0,2009-07-28T16:59:38.528,-0.41168146482221300
cat0,1931-12-14T16:39:35.027,-1
cat0,1931-08-10T6:26:20.557,-1
cat1,1931-01-28T12:32:46.181,-1
cat0,1931-01-18T21:45:09.874,-1
cat0,1931-12-26T17:51:57.956,-1
cat0,1931-07-01T15:54:32.555,-1
cat0,1942-09-01T3:26:58.027,-0.8760584916175200
cat0,1952-09-26T19:17:15.197,1.2154868615884600
cat0,1984-09-13T15:50:05.422,1.3464448483726500
cat1,2011-08-04T14:27:30.789,2.835249788865160
cat1,1923-09-13T14:36:31.465,1.3737562606153700
cat0,2023-03-05T9:13:01.168,-0.9911115450270400
cat2,2000-09-22T0:12:54.746,0.489021216344174
cat0,1963-02-01T22:46:27.142,-1.2053430919389800
cat1,2023-12-12T1:10:32.892,2.522573357341860
cat0,1914-08-11T5:15:25.645,-0.5151878106834460
cat0,2044-02-24T3:39:08.301,-0.6869489150250250
cat0,1985-10-30T20:52:45.421,-0.9783096580999940
cat0,1901-07-18T20:55:59.727,-0.6571544410987800
cat0,2006-08-21T15:58:06.229,0.6139033115930930
cat0,1942-03-15T6:36:09.445,-0.2873882385002010
cat0,1990-03-09T2:58:18.542,0.2006720593958160
cat0,1949-05-10T8:50:03.221,1.4917724693792900
cat0,1978-04-02T19:04:40.637,-0.7064174925228160
cat2,1971-02-11T6:54:58.452,1.1080183426419200
cat0,1931-05-23T2:40:08.012,-1
cat0,1962-02-15T4:48:51.801,-0.7107258878750440
cat0,2014-07-09T10:34:01.521,0.3302326596511160
cat0,1940-04-21T1:31:12.998,-1.0351256436221800
cat2,1964-02-24T2:30:36.542,-0.5953091934356840
cat2,1934-08-22T7:23:49.528,0.18218244192063500
cat1,2031-12-25T0:30:07.754,1.0011602407004200
cat0,1937-08-18T11:48:16.148,1.222469980266480
cat0,1980-01-17T0:10:50.412,0.2849679748985470
cat0,1981-01-05T21:24:36.191,2.266068420452440
cat0,1932-10-05T12:06:53.749,-2.381387433286620
cat0,1959-02-06T22:14:12.479,-0.6853727309719770
cat0,2046-02-20T1:05:44.738,0.7030477701884570
cat0,1935-07-22T3:24:44.768,0.27833192573570400
cat0,1966-08-19T18:11:44.053,-0.4912868236763010
cat0,2048-09-10T12:23:58.250,1.0882428877023400
cat2,1917-05-07T8:06:22.313,-0.33483686715859400
cat0,1969-06-05T7:25:03.894,-0.9056308944628280
cat0,1903-01-24T3:10:50.193,0.13102336719343000
cat0,1964-06-08T15:26:48.199,-0.21038916991860800
cat0,2035-10-27T4:02:11.193,-2.447306751339220
cat0,1987-08-20T18:22:47.191,0.037029831734732600
cat0,1988-03-11T8:53:26.277,1.2076879347829500
cat2,1957-01-16T8:34:25.781,1.333964430463400
cat0,1962-10-20T9:40:10.209,1.1329742405983600
cat0,1970-01-29T8:56:11.552,-1.4634817256225900
cat0,1956-09-29T19:47:36.559,-1.078127847571230
cat0,1937-11-29T3:43:24.719,1.67448900156446
cat0,1993-10-27T10:46:26.060,-1.0820150528027700
cat1,1969-06-05T1:32:23.482,-0.9686366685465970
cat0,2045-09-24T6:40:43.471,0.8350921719578230
cat0,2018-11-19T14:04:53.542,-0.3385182716072320
cat0,2015-09-27T2:27:51.360,0.7834554340503770
cat0,1974-08-01T21:52:49.706,-1.5941678796606900
cat0,2022-09-13T7:59:52.825,-1.4860801072828300
cat0,2027-01-21T20:09:22.532,-0.48987285764481900
cat0,2010-03-25T6:45:53.432,0.9106615263013740
cat0,1951-11-18T3:32:09.437,-0.42274194217808700
cat1,2042-12-29T22:00:46.807,-0.07646631549027620
cat0,2015-01-31T16:42:28.909,-0.22861795732336300
cat0,2031-01-04T12:28:51.861,0.10776852656888300
cat0,1908-05-29T8:16:46.389,-0.5657174276232470
cat0,1969-06-10T20:53:04.357,0.8722436078508920
cat1,2022-12-17T5:32:43.868,0.8363684700245160
cat0,2009-10-15T19:33:58.095,0.21978440137337200
cat0,1993-01-15T2:18:04.190,-0.1566771320284880
cat0,1981-04-11T14:49:58.587,-0.2013068945594450
cat0,1930-12-22T7:45:00.257,1.306474175242040
cat0,1927-06-03T1:26:05.682,-0.5897704171830320
cat0,1938-08-14T11:13:43.474,-0.4889956708825670
cat1,2036-01-15T5:25:06.033,-1.7932920138600000
cat0,1904-05-19T18:01:32.876,-0.5041965485165630
cat2,1969-10-27T10:59:00.893,0.4536468511169150
cat0,1930-05-20T4:59:04.389,-0.10858811636069000
cat0,1983-12-16T4:05:29.438,-0.5658913010163880
cat0,1935-12-22T22:10:27.459,0.48986439062699800
cat1,2034-08-20T9:45:15.649,0.4274923990832550
cat0,1918-03-18T3:26:31.941,-1.5158109846358300
cat0,2046-10-10T4:24:59.971,0.4821596133295320
cat0,2040-03-21T19:09:45.046,-1.1644826766457300
cat0,1953-03-24T15:28:34.031,0.3049689364873290
cat0,2003-04-29T5:25:48.314,1.9006422647287700
cat1,2011-06-28T20:31:12.027,1.1364181299386100
cat0,1995-12-11T17:43:00.229,0.9028622153997620
cat0,1981-10-08T6:59:59.446,-0.730456700095653
cat0,1931-12-14T16:39:35.027,-1
cat0,1931-08-10T6:26:20.557,-1
cat0,1931-01-28T12:32:46.181,-1
cat0,1931-01-18T21:45:09.874,-1
cat0,1931-12-26T17:51:57.956,-1
cat2,1931-07-01T15:54:32.555,-1
cat0,1947-10-20T11:05:40.769,-0.02899457095630540
cat1,1976-01-21T18:41:58.026,0.9098013284998390
cat0,2015-10-27T8:45:30.223,-0.4334059691183090
cat0,1934-06-29T16:51:28.078,1.0885127327020200
cat0,2004-04-11T1:14:30.290,0.015613503113357700
cat0,1938-12-08T21:07:18.621,-0.0940136622053698
cat0,1956-02-08T21:44:30.882,0.019779690429787900
cat0,1957-03-14T7:31:47.487,-1.8928935315334600
cat2,2048-12-22T20:24:11.166,0.34981786279307900
cat0,1996-08-28T7:06:38.589,-1.3490450972823800
cat0,2023-12-06T17:29:35.241,0.46540494126204600
cat0,1924-11-14T4:45:42.565,-0.738824360186072
cat0,1993-11-24T21:27:43.688,-0.21696462695175700
cat0,2014-10-18T8:25:56.042,0.9941523583149230
cat0,1981-09-10T19:40:57.063,2.2974428168719100
cat1,1985-11-19T23:16:23.148,0.3758373374161650
cat0,1978-10-10T19:26:37.957,-0.3205741095095700
cat0,1905-08-15T12:04:40.113,0.41260744304636900
cat0,1933-06-29T21:17:28.989,0.2898097552652430
cat2,2028-04-03T12:00:13.424,0.21483922944216600
cat1,1966-06-09T4:08:54.383,-0.15027681461887800
cat0,1976-05-28T23:54:23.211,-2.2830243534306000
cat0,1982-01-12T1:10:20.884,-0.12114519117500100
cat0,1902-01-07T22:15:37.702,-1.1474927043452700
cat0,2039-01-01T6:26:10.909,0.6899975148384700
cat1,1980-07-17T1:33:36.549,-1.2962390880743800
cat0,1965-03-24T8:07:34.350,0.8202846295335180
cat0,1941-04-15T16:53:51.629,0.6111286324301360
cat1,1969-03-31T20:19:01.238,-0.6017573804647560
cat0,2008-05-19T11:19:27.408,-0.14636833351968400
cat0,2011-02-18T19:22:19.325,-0.39051954878729900
cat0,1999-04-09T14:19:35.254,1.1318712155592900
cat0,2012-06-25T20:17:03.173,0.6238824556485380
cat0,2025-06-01T1:22:46.403,-0.21918605632425200
cat0,1920-07-01T10:50:35.857,0.06266060497710180
cat0,1936-08-03T15:31:28.716,0.8368973643316210
cat0,2045-08-19T23:56:25.545,-0.7215040217255680
cat1,2008-11-18T5:14:48.598,-0.20814741590895800
cat0,1985-05-22T14:43:00.100,-0.0897913387325754
cat0,1983-01-23T17:44:42.878,0.07124822113815360
cat1,1905-05-07T8:55:07.221,-2.172279749874680
cat1,1944-10-08T3:33:17.113,1.9947176428577400
cat0,1918-05-11T3:16:27.847,0.03626915451138230
cat2,2043-04-10T3:35:28.779,0.6407201803911170
cat0,2036-08-04T8:48:07.924,-0.879334804399953
cat0,2031-06-02T19:49:12.352,0.42773687851837300
cat0,2036-04-13T18:01:33.874,-0.023621202837997500
cat2,1969-07-16T20:21:28.538,0.9141110361713460
cat0,1952-10-17T10:02:41.257,-1.2363517257962000
cat0,1945-04-08T17:38:10.074,0.18140310037963400
cat2,1993-02-12T8:23:08.935,1.2261360769020300
cat0,1949-10-01T2:30:52.619,-0.7628738973018220
cat0,1924-04-22T6:53:47.056,-1.4758009732482800
cat1,1964-11-24T23:18:47.253,-1.0480133447619600
cat2,1988-04-07T20:48:54.086,-2.1134742899849900
cat0,1909-11-19T14:28:44.881,0.5818020935613070
cat0,2023-09-10T14:56:44.747,1.1100143727390100
cat0,1902-01-28T9:59:15.495,-2.8487533681720900
cat0,2015-05-07T23:09:47.732,-1.3576950439413000
cat1,1975-06-02T7:53:58.806,0.4634621796442320
cat0,1962-03-07T8:36:13.020,0.10971443994730500
cat0,1950-11-16T17:23:26.248,0.06176009833417940
cat1,1952-04-11T1:15:25.493,-1.179379055721530
cat0,1916-03-03T22:18:06.430,0.4997053030466970
cat1,1972-01-28T22:03:44.253,0.2882625239442540
cat0,1911-01-15T20:22:22.225,-0.7145249740029960
cat0,1923-05-04T17:26:01.182,-0.22830394350871800
cat0,2049-04-19T21:42:44.213,-1.5614933610415300
cat2,1973-01-31T15:17:07.505,-0.3838093319755410
cat0,1940-12-25T23:23:03.372,2.299644952443310
cat0,1970-10-24T10:26:59.530,-0.6494012337942090
cat0,1996-03-23T12:23:09.835,0.3857879377757310
cat0,1918-07-17T8:56:15.679,1.3333310419086500
cat0,1917-03-08T1:15:50.332,-1.3341899717847800
cat2,2015-11-06T15:19:15.621,-1.4237312293121200
cat0,1934-11-01T0:35:51.407,-1.1752877622131600
cat0,1927-03-23T7:20:52.442,1.2826103369102600
cat0,2045-08-06T5:15:21.242,-0.04437963776951030
cat0,1900-06-28T9:10:37.421,1.950428985157970
cat0,2023-04-17T20:15:39.221,-0.8961119417664330
cat1,2009-05-31T1:58:32.104,1.0550895460608400
cat0,1930-08-05T17:59:09.018,0.6559239678489160
cat0,2008-12-27T8:27:24.003,-0.5969086947411910
cat0,1941-07-27T12:17:41.399,-0.15039900771725300
cat0,2020-11-09T6:32:05.740,-1.6010376653543300
cat0,2009-02-13T19:29:10.606,2.158572112734390
cat2,1913-02-18T10:19:27.578,1.145767375314080
cat0,2032-02-06T17:39:36.262,1.1032351409335200
cat0,2018-03-14T6:35:26.556,-2.1872131250615500
cat0,1907-11-29T11:42:14.155,0.23423156664057000
cat2,2013-01-21T15:54:29.390,-0.9238289224705730
cat1,1993-05-09T8:09:53.353,-1.7738601310845700
cat0,1993-02-24T16:54:13.560,-0.789874762667593
cat2,1967-10-26T18:13:32.062,0.5859920009219780
cat0,1905-08-29T5:25:02.713,-0.4015719305938790
cat0,1972-04-10T1:58:38.889,-0.6691545225643600
cat0,1908-07-19T13:46:59.861,0.1980119099629690
cat2,1959-05-08T17:25:53.522,0.9037780830081770
cat0,1920-05-28T13:37:26.565,1.7732658951200000
cat0,1936-11-07T14:55:36.372,0.3049209476491230
cat0,1905-12-24T2:39:57.100,0.5722413169446880
cat0,1928-04-16T6:26:40.753,-1.4097050747868200
cat0,1942-06-11T15:57:07.700,-0.4899723691353840
cat1,2046-07-02T8:01:26.132,0.7181668010150350
cat0,1959-09-13T17:32:58.425,-0.26854961167334100
cat0,1974-02-28T21:46:30.985,-0.7845356188291380
cat0,1920-09-17T8:14:00.939,0.34573176841769100
cat0,2016-12-29T18:46:50.441,0.6434205110214180
cat2,1999-02-03T22:04:08.576,0.6477397042771420
cat0,1961-10-03T23:47:55.378,-0.2217392116303300
cat1,1926-06-16T12:28:17.255,1.7871906710199200
cat0,2045-02-10T21:05:20.788,-0.8740465211185190
cat0,2038-03-29T3:37:31.181,-2.3105176236901500
cat1,1927-05-11T9:46:02.867,2.3176504575353700
cat0,2046-12-16T7:44:26.112,-1.1949239006384100
cat0,2031-04-11T18:05:02.359,0.7465958022291450
cat0,1978-04-07T19:42:22.339,0.4606777475692300
cat1,2028-04-23T13:00:12.897,1.0638770095080700
cat2,1970-09-25T4:43:51.179,-0.7818184768447340
cat0,1903-01-08T20:44:36.178,-0.2988267811147010
cat2,2001-06-02T7:39:19.423,-0.181295458377256
cat2,1918-02-20T22:53:09.256,-1.0487821764741800
cat0,1994-04-14T22:49:43.510,0.7000817523278290
cat0,1903-04-20T21:20:51.638,-0.9519122113311980
cat1,2025-10-06T10:00:50.854,0.7090759590006410
cat0,1974-06-14T12:43:55.168,0.08994299263768610
cat1,2025-07-19T20:21:49.772,-0.449635512675391
cat0,1948-10-06T12:41:24.090,-0.5498633601504550
cat0,1945-04-02T19:28:25.767,-1.5651006808736600
cat1,2049-01-11T17:35:27.082,-1.0306469381329000
cat0,1933-07-16T8:02:43.161,-0.6362901416607380
cat0,1952-10-17T22:05:02.446,-0.2875904860754400
cat0,1957-08-12T15:14:26.997,-0.46061535984624200
cat2,1928-04-01T18:05:22.684,-1.7704307410319900
cat0,1958-04-12T13:39:34.333,-0.389376694713177
cat0,1950-03-11T14:27:54.040,-1.7604243212861700
cat0,2039-12-29T18:43:34.215,1.133612813170250
cat2,1944-10-30T0:20:32.517,1.5448507563754800
cat2,1937-08-21T10:05:20.895,1.5587380285958600
cat0,2015-09-13T11:27:19.162,-0.37599450467387600
cat0,2006-10-15T4:32:45.082,0.9583821869501040
cat0,1944-05-03T5:03:35.181,-0.40646171169738300
cat1,2017-02-07T14:55:31.677,0.8160797782505240
cat2,2036-06-13T8:51:54.069,0.24993412581457200
cat0,1990-12-30T6:29:06.979,-0.7224955298421480
cat1,2012-09-28T10:21:22.687,0.612778615861383
cat0,1911-11-15T0:26:33.885,1.2275280161011400
cat0,2002-09-26T21:09:43.200,-2.77652113258219
cat0,2014-06-20T9:22:42.522,1.0688533822830200
cat2,1963-01-01T4:27:06.855,0.4554159061278570
cat0,2028-11-27T0:04:52.621,-0.3894449027510990
cat0,1900-07-30T0:23:36.187,-0.28549118158167000
cat2,2042-12-18T1:35:24.203,-0.22349024805460700
cat0,1982-07-31T13:17:35.785,1.086204558477700
cat0,1969-09-22T22:33:59.395,-0.2746025574885130
cat0,1945-12-11T14:12:13.448,0.987769429317932
cat0,1984-04-15T4:37:43.958,-1.945408199557090
cat2,2028-11-01T13:29:19.253,0.005489956383327210
cat0,1926-08-19T10:36:18.704,-1.1562395169994000
cat0,1982-12-24T9:05:57.808,-1.118451878665620
cat0,1945-01-22T7:22:48.746,-0.7060914786252770
cat0,1900-01-07T20:50:35.431,0.9313174884791080
cat0,1901-05-28T11:50:12.975,-0.4594487718649070
cat2,1942-10-28T5:57:49.259,1.0827969884137600
cat0,2048-08-04T12:25:30.624,0.6508675488435210
cat0,1963-12-10T2:16:02.705,-1.1410441231428500
cat0,1918-11-12T7:01:48.434,0.3098711788067110
cat0,1997-10-28T13:09:25.203,0.7179032748848460
cat0,2014-11-13T4:58:28.507,-1.1430184840872200
cat0,2001-12-05T11:11:23.658,-1.594294643920770
cat0,1927-04-09T8:57:31.613,-0.3281497670961830
cat1,2049-06-13T18:01:08.320,-1.367114249639670
cat0,1971-02-19T18:41:14.080,0.37492431917246200
cat0,2026-05-23T14:02:40.957,0.5993720310795110
cat0,1972-02-07T4:42:14.896,0.8311384823234490
cat2,2008-03-01T17:44:12.640,0.6617618982741430
cat0,1961-02-10T22:33:56.253,0.451737278242199
cat0,1965-05-13T7:27:54.669,-0.3413086682458410
cat0,1902-09-09T19:01:59.593,0.15557039397341400
cat0,2015-03-05T8:56:27.988,-0.09386276460613740
cat0,1934-02-07T9:43:35.841,-1.1073123327434100
cat0,1912-10-24T21:53:44.360,0.885661738986894
cat0,1939-12-09T2:30:09.290,0.14322591250299400
cat0,2026-03-22T19:04:25.573,0.0395414800295894
cat0,2010-09-03T16:45:28.761,1.4440335493558200
cat0,2035-11-06T8:09:36.627,0.6308508000265910
cat1,2039-05-14T11:02:11.291,0.5023376099315170
cat0,1951-03-02T19:35:28.676,-0.6022353482315990
cat0,2009-11-11T6:17:04.426,-1.0441260553161500
cat0,2035-01-29T5:02:27.252,-2.0470536082736800
cat1,1991-10-12T17:19:38.544,-0.21279162744344900
cat1,2040-05-13T14:21:39.248,-0.13626838823639600
cat0,1902-06-21T7:28:35.196,-1.751217351779290
cat0,1947-04-03T0:37:15.230,0.43079399257798000
cat0,2027-07-11T0:49:00.097,0.37427599749309000
cat2,2019-12-26T20:15:13.224,0.7133509939532470
cat0,1997-08-15T22:13:24.665,-0.49117160380845700
cat0,1922-09-05T11:46:35.382,0.7945871736823150
cat1,1970-08-11T13:07:18.108,-1.7853007209231700
cat1,1929-01-12T14:52:45.583,-0.649368251600279
cat1,1952-03-08T6:00:12.118,1.7074466490591600
cat0,1907-03-30T4:22:23.352,1.6712428116871600
cat0,1984-06-14T22:46:23.256,0.19066753144948100
cat0,1928-12-20T19:50:54.620,-1.3117523865944100
cat0,2042-08-20T17:51:49.322,-0.005736455296393320
cat0,2006-11-14T18:09:43.679,-1.2365000506454700
cat0,1964-02-25T7:59:25.533,0.7587246070723170
cat0,1954-08-08T5:47:13.469,0.7506718662793370
cat1,1949-02-12T17:09:04.657,0.648570905550447
cat0,1990-05-06T4:31:24.917,0.38569356086592300
cat0,2002-05-31T4:05:36.593,-0.2158118064452580
cat0,1903-04-29T19:54:59.760,0.6061639402172400
cat0,2028-09-10T3:47:26.992,1.1786469190617000
cat0,1951-07-27T8:09:17.014,-0.07303311454387920
cat1,2041-04-29T17:43:57.625,-0.25149821573092500
cat2,2029-04-15T18:55:47.359,0.9557532619488770
cat1,1934-01-10T18:39:16.325,-0.9986047976298710
cat0,1941-05-04T16:06:45.942,-0.2026780819872430
cat1,1916-10-09T17:13:35.362,-0.8798140424156860
cat0,1916-04-08T6:08:24.506,-1.471961986852120
cat1,1964-05-25T22:52:11.863,-0.7452994418749190
cat0,1974-10-31T21:19:10.145,0.0777077112212923
cat0,1998-07-17T4:54:44.806,-0.4779301543214300
cat1,2035-12-09T17:26:25.217,-1.1832310526723500
cat0,1932-07-22T18:32:32.353,-1.7760405654622700
cat0,2023-02-20T19:21:33.105,0.6079931885432480
cat0,1990-08-07T18:34:56.024,0.17864732442345000
cat0,2045-11-28T4:28:41.637,-1.044532726837590
cat0,2021-02-02T0:25:56.159,-0.3735670528650330
cat2,2018-07-12T14:11:39.413,0.26498835394534600
cat0,1922-07-15T3:57:40.240,1.141574891593780
cat1,2007-01-04T20:33:24.517,-3.069436382964400
cat1,1961-06-20T2:31:58.566,-0.14115233616775000
cat0,1905-11-02T17:12:00.469,0.7012666145840100
cat0,1972-05-15T21:37:07.090,1.1175236887279400
cat2,1981-06-17T11:15:46.358,-0.3517998862277250
cat1,1960-03-28T19:01:26.472,1.2723334890443100
cat0,1934-08-14T17:53:21.430,-0.5907285056352200
cat0,1901-01-22T1:29:31.067,-0.7723901962571060
cat0,1915-03-08T6:59:09.028,0.1283359367881870
cat1,1960-03-20T9:16:10.367,-0.8191549053627480
cat0,1976-07-03T0:05:49.599,1.0244589309662200
cat1,1949-06-22T8:07:30.719,0.32801301344731600
cat0,1931-10-11T14:15:10.924,-1
cat0,1943-03-06T14:09:27.714,-0.33462300616756900
cat1,1999-04-30T2:27:57.393,0.23083767078065100
cat0,2048-08-28T11:19:13.493,0.4294304852019200
cat0,1970-03-02T9:06:20.518,1.1163033503917300
cat0,2017-11-14T5:29:53.867,-0.4859822357637570
cat0,2030-09-30T12:00:28.772,2.1218299966473600
cat0,2041-06-20T21:46:10.708,-1.0632858102261700
cat0,1907-07-24T7:07:18.141,-0.2361879388179660
cat2,2017-11-05T11:05:05.346,0.04659855545359300
cat0,2037-05-22T2:42:25.401,0.6048819566113330
cat0,1971-07-24T20:06:07.593,-0.04974491641041570
cat0,1943-06-09T12:01:03.503,0.09679448899407700
cat0,2048-06-30T21:03:22.738,0.17947475201686900
cat0,2016-11-27T21:19:56.917,1.1112096704034800
cat0,1924-02-28T14:23:41.619,0.8393463580114850
cat0,1964-04-18T4:02:11.252,0.6699911035107320
cat0,1938-02-23T13:34:47.949,-0.5843321665720190
cat2,1973-11-22T18:12:53.712,-0.4283657456640630
cat0,1969-01-20T20:54:56.866,0.8398012512255320
cat0,1919-05-13T17:53:43.865,0.2624961142578480
cat2,1996-04-04T10:36:21.955,-0.30992289765345400
cat0,1925-03-15T5:59:59.170,-0.22837427230888700
cat0,1980-03-03T23:17:33.560,0.6845582086959290
cat0,1977-06-05T14:11:08.028,-1.181632314153630
cat0,2006-05-02T0:17:38.533,-0.9914390931383020
cat0,2007-09-11T9:28:55.609,2.163999410146940
cat0,1997-05-07T12:51:18.452,0.8463865678546340
cat0,1924-10-19T1:19:42.746,0.8709869813278630
cat1,1946-06-14T2:34:50.552,-0.18329239033138200
cat1,1989-03-09T23:18:38.996,-0.746968965566506
cat0,1962-05-22T17:49:42.970,-1.4557283569220500
cat0,2006-07-24T19:32:05.884,-0.30801183392820400
cat0,1979-03-20T18:20:11.751,-1.8193358645392700
cat1,1921-07-12T1:24:33.381,-1.731987154989510
cat0,2014-12-08T8:45:31.641,0.3201789231711150
cat0,1958-03-06T22:15:15.008,1.2644954387001000
cat0,1940-02-12T5:38:38.813,0.10165298015815600
cat2,1922-05-17T14:33:04.906,-0.33797985516523800
cat0,2024-03-16T14:19:45.439,-0.4798682916145260
cat0,2028-03-13T15:08:05.150,0.5089238432142260
cat2,2049-07-04T16:10:44.236,-2.707275731263920
cat1,2036-08-06T18:17:15.220,-0.8454179867541570
cat0,1969-08-08T5:13:14.219,0.9349014051324240
cat0,2009-04-03T14:14:22.210,-1.382959604433330
cat2,2039-05-02T17:32:34.882,-1.5423367282472400
cat0,2022-03-18T13:57:46.923,0.32469790852291800
cat2,2037-01-25T7:25:56.936,0.26499261861678500
cat0,1955-05-24T10:02:54.980,-0.30110765085017800
cat0,1984-03-10T13:26:46.316,-0.26481440820700200
cat0,1931-02-22T19:44:19.355,-1
cat0,1920-03-18T22:44:45.308,1.2012579319011800
cat2,1914-03-18T13:53:38.665,0.48157079789478600
cat0,1936-03-25T18:10:26.627,0.2247212790222480
cat0,1944-08-12T0:04:59.317,0.5811768956616960
cat0,1900-12-08T8:29:54.719,-1.0324561072079700
cat0,1943-01-30T0:11:39.002,0.6507442087482690
cat1,2005-03-26T7:29:18.075,-1.8208292894947700
cat0,2045-06-29T8:25:49.355,-0.9722865641200780
cat0,2025-06-04T1:10:24.096,1.7429640517614800
cat0,1914-07-05T3:52:05.065,-0.45180666414200300
cat0,1925-12-25T3:49:41.099,0.35979294126518200
cat0,1995-04-24T14:57:28.155,0.04914800397991230
cat0,1951-11-04T14:25:59.716,0.18156205629414100
cat0,1919-09-13T0:52:31.706,-0.7340812258443940
cat0,1923-02-03T16:15:31.005,1.9519432241964800
cat1,1962-02-20T1:32:54.568,1.8752597078612300
cat0,1979-09-14T10:54:56.330,-0.17126258988644300
cat1,1940-05-10T21:03:56.143,-0.8312731159174410
cat0,1988-03-22T14:20:39.551,0.2046920246272960
cat0,1951-10-02T19:01:24.135,1.2107662273448900
cat0,1987-03-12T3:59:47.545,0.2133361203495360
cat0,2045-12-29T4:38:58.348,-0.19082756343768300
cat0,1974-04-19T16:03:54.093,0.45951833222117700
cat0,1911-03-22T19:52:41.609,0.8493236048311070
cat0,2007-07-04T17:46:07.689,-2.113529939229580
cat0,2048-05-25T2:59:30.022,-0.3799007449108910
cat0,1901-07-31T3:14:49.988,0.6474117909652040
cat0,1966-04-08T9:45:19.316,0.053283710414094300
cat0,2034-09-15T5:41:08.467,-1.8172074495832500
cat0,1927-09-29T5:12:50.400,0.032134557535558400
cat0,1931-06-30T13:14:26.353,-1
cat2,2020-04-17T14:02:57.981,-3.2925692438117400
cat0,1944-03-27T19:24:44.163,-1.1759335507933600
cat0,1905-06-11T0:50:57.134,0.09105490359705000
cat0,2008-07-06T13:13:30.421,-1.1979202104661000
cat0,2036-07-14T13:35:17.976,-0.5546948620435240
cat0,1902-08-09T6:33:19.467,0.5952256558051590
cat0,1940-07-31T12:07:42.062,-0.7700440408819680
cat0,1972-01-31T22:32:37.487,0.4671868409961980
cat0,1938-07-08T21:18:59.224,0.5858686761135050
cat0,1974-12-22T20:54:40.476,0.049764189022905000
cat0,1995-03-25T18:00:27.348,0.9274735947539970
cat1,2044-02-15T15:10:08.997,0.5838225057111510
cat2,1900-06-08T0:50:18.104,-0.2867188312105560
cat0,1971-02-10T11:21:06.381,-0.12679059273154600
cat1,2017-07-15T22:44:15.920,1.0410930707052200
cat0,2048-10-04T13:48:34.291,0.5698541938724780
cat0,1953-06-22T1:54:15.911,1.1278549128327400
cat0,2047-10-09T6:21:55.346,-0.09661129256473350
cat1,1930-06-08T1:12:56.872,1.0286531551422400
cat0,1976-08-27T20:49:32.734,-1.1698181370767700
cat0,1936-07-05T18:17:58.690,0.4640044706209720
cat0,1997-06-08T23:22:48.760,1.4507066018060200
cat1,1957-03-06T10:38:18.234,-0.3765707811022850
cat0,1963-03-29T22:41:11.516,0.7990943012323970
cat2,1928-06-14T1:54:40.847,1.5025101240413500
cat0,1921-12-17T23:04:44.554,-1.015085403966730
cat1,1908-10-10T15:32:29.584,0.9705060035599490
cat0,1961-04-02T22:10:08.437,1.5743725905125300
cat0,2019-12-11T4:52:53.811,1.0900575560307300
cat0,1938-08-06T9:41:30.521,-0.3904009744904330
cat2,2047-07-02T18:05:59.606,-1.1766912174920500
cat0,1998-07-01T18:02:51.873,-0.1516443862311450
cat0,1903-03-25T20:28:21.707,2.168532526460890
cat0,1933-11-19T7:07:21.230,1.3937077000853100
cat0,1983-08-10T15:36:12.948,-0.2395967891339570
cat2,1909-03-19T16:55:25.821,-0.90063252428488
cat0,1903-05-19T6:56:48.213,-0.025445035207046000
cat0,2006-06-06T11:19:26.048,-0.282578703379129
cat1,1900-11-05T22:49:17.269,0.6812375971166880
cat1,1923-01-25T23:02:42.850,1.6051985677551300
cat2,1925-07-27T4:41:34.268,0.18020338403888900
cat0,1952-12-26T0:34:26.499,0.8820217906737040
cat0,1920-05-14T1:44:35.973,1.489308309779160
cat0,1991-12-30T20:20:53.667,-1.6070488950831300
cat0,1908-05-23T19:42:51.592,0.24348459234265900
cat0,2011-11-24T12:57:24.249,-1.6618487498233300
cat0,1998-11-24T21:47:22.499,0.015114817120839600
cat2,1960-01-29T22:50:37.580,1.8163300286812200
cat2,1965-08-14T16:58:51.253,-0.5078904704739630
cat2,2034-03-04T20:02:50.513,0.2747728404579520
cat1,2035-06-17T11:47:20.502,-0.967661410797177
cat0,1957-07-19T17:51:01.089,0.6915833121067870
cat2,1961-08-10T1:10:23.810,-0.11539509693312600
cat0,1918-08-24T10:45:44.887,1.631301764776920
cat0,1984-11-15T4:31:54.820,-2.437987788593290
cat0,1978-12-17T11:23:52.940,-0.48915403773134200
cat0,2001-02-22T0:24:35.971,-0.5281477853547530
cat0,2048-05-09T18:59:10.243,0.022497591930115900
cat2,1935-10-16T8:46:08.802,0.7835580397724930
cat0,2045-03-17T7:20:03.497,1.4411537743035400
cat2,1944-03-26T19:22:24.921,-1.7141400767526300
cat0,2018-03-26T20:37:14.989,-1.34998308049576
cat1,1993-02-24T2:01:02.664,-2.1321372813696100
cat2,1974-08-19T23:47:18.801,0.6047657846255020
cat0,1951-10-19T0:09:58.270,0.032778486569277400
cat0,1928-10-17T1:12:57.322,-0.49667019525645700
cat0,2018-11-14T8:18:44.530,-1.1183674960779000
cat0,1965-08-30T15:20:49.364,-0.04478131159032100
cat0,2047-11-20T3:45:46.999,0.40544862687836700
cat1,2012-03-24T18:58:21.103,1.161527643003050
cat0,1905-03-31T2:22:29.360,-0.19483431723914400
cat0,2040-10-17T20:53:12.903,-0.287137356729007
cat0,1914-03-31T9:45:09.275,-0.5370419441154250
cat0,2033-03-08T11:00:29.645,-0.8843145418456000
cat0,2015-12-19T6:38:20.089,-0.018645831398249500
cat0,1931-02-02T23:52:31.092,-1
cat1,1929-03-29T3:34:57.625,-1.0154341427018000
cat0,1927-10-04T15:51:24.752,-0.7402869393559670
cat2,1936-05-05T9:09:54.073,0.7737140906104590
cat2,1989-05-21T4:23:17.636,-0.33879104118730300
cat0,1978-05-04T5:29:15.110,1.0059505422029500
cat0,1969-05-02T10:59:56.628,-1.4180933544605400
cat0,1960-07-18T12:36:37.214,-0.11327315118601800
cat1,1937-11-21T6:07:38.928,0.754908503930691
cat0,1901-12-30T7:15:41.911,1.2880311146324200
cat1,1974-07-26T15:40:32.527,0.46813084783113700
cat0,1971-09-03T21:50:17.000,1.0826209555399800
cat0,1915-12-09T15:01:29.422,0.04948908189074070
cat2,2006-06-05T14:03:23.900,0.5496702665714210
cat2,1998-05-17T3:34:05.761,1.8379914430825900
cat1,2046-02-06T0:13:25.872,-0.6751479947301830
cat0,1921-08-05T13:45:14.602,1.138933165049070
cat0,2040-03-28T19:54:29.683,0.12273509601321000
cat1,1923-10-25T8:48:11.347,-0.986673089039078
cat2,2037-08-06T4:00:33.279,1.4085545223698000
cat2,2011-06-04T22:36:16.243,0.43277962386226400
cat0,2043-01-06T15:18:00.410,-1.0294281362522700
cat0,1912-03-17T11:44:32.628,0.06863492128702840
cat2,2016-05-01T22:25:17.574,0.9952232698394740
cat0,1945-02-07T22:57:52.714,-0.3628149963345660
cat0,2030-02-08T12:17:00.097,-0.03125949865149190
cat0,1926-12-25T19:08:12.080,-0.8963506264806110
cat0,1930-07-10T18:34:02.480,-1.8351450849796300
cat0,2007-02-14T23:02:01.995,-0.5914266893853590
cat0,1922-09-09T1:40:18.302,0.27295023204551000
cat1,1995-02-17T15:40:35.980,1.2177136544323300
cat0,1993-05-23T9:52:48.164,-1.2432478562774200
cat0,2004-04-27T6:04:10.506,0.4254949254592870
cat0,1901-03-28T1:01:23.038,1.59229308529128
cat0,1959-04-01T16:12:35.329,1.5515267980834600
cat1,1900-09-19T0:35:08.176,0.8045737043341870
cat2,1973-01-20T19:10:34.457,0.06971016783924270
cat0,1994-07-28T8:40:15.306,-0.888121045815875
cat0,1951-09-07T2:13:12.462,-0.2849321419360790
cat0,1941-12-31T0:39:14.082,-0.2877810238471370
cat0,1912-06-17T6:08:24.916,-2.6112712866234300
cat0,2007-08-15T19:29:44.848,-0.23028391645094100
cat2,1927-09-11T19:11:36.658,-1.4177453296365100
cat0,2007-10-01T21:56:27.853,-0.535677822746136
cat0,1998-05-30T19:48:29.653,0.7883193455881370
cat0,1985-11-26T11:42:58.238,-2.07941477924249
cat2,1980-08-09T1:15:30.575,0.3249405068270380
cat0,1930-03-07T2:56:01.173,-1.3767011603156600
cat0,2049-11-14T23:41:06.154,0.24884367188074800
cat0,2037-06-08T3:55:41.538,-0.5852061335103320
cat0,1918-08-29T18:38:54.317,0.6194972429839120
cat0,2048-10-25T6:07:06.119,-1.2136607152175700
cat0,1957-06-02T5:17:07.017,-0.5507947118266130
cat0,1961-12-30T21:00:01.760,0.6008689493084510
cat0,1914-08-20T17:25:00.736,-0.7885895871598490
cat0,2038-08-21T6:08:07.548,-0.44122537945586400
cat2,1954-10-18T8:34:03.795,-0.589556881923267
cat2,2019-11-15T8:10:00.962,1.0698147724573700
cat0,1923-12-07T21:59:55.880,-0.45263669524098600
cat2,2011-06-20T7:21:56.145,0.915244707379926
cat0,1910-06-27T11:15:25.361,0.207160301910564
cat0,1929-08-17T8:25:07.142,-0.41503686456486900
cat1,2024-11-18T20:27:04.120,2.6625554235847100
cat2,2034-07-25T11:09:29.796,0.7375953856472110
cat0,1901-09-12T5:45:09.650,-0.2613352548759820
cat0,2013-06-07T14:45:15.788,1.3706301435227500
cat1,2025-05-23T19:24:05.221,-0.38738757205845700
cat0,2013-03-29T5:34:31.254,1.0133876675592100
cat2,2036-04-23T3:51:40.753,0.8775076345191280
cat0,2013-09-11T23:53:19.445,-0.8355353062402220
cat0,1962-01-12T22:34:48.667,2.241084637561150
cat0,2003-03-17T22:50:16.646,0.5421163478012600
cat0,1905-03-18T3:07:36.727,-0.708712461451847
cat0,2033-04-22T20:09:10.579,-0.013094227231940300
cat0,1990-01-29T14:29:33.785,0.3010982837511700
cat0,2049-02-07T23:33:06.009,-0.4178835947722080
cat0,1997-03-30T15:59:30.294,-1.0282681501669100
cat0,1975-02-18T1:20:27.781,1.5455241809589600
cat1,2007-09-04T23:59:54.441,0.04409216774358350
cat0,1994-08-23T11:34:43.393,0.08324012327789630
cat1,1912-07-18T3:19:55.614,-0.2974201203581150
cat0,1949-01-25T9:47:51.140,0.968912555763342
cat1,1974-05-05T14:35:26.377,1.1446271095704700
cat0,1965-09-11T21:14:28.977,3.206573827493120
cat0,2031-03-09T1:21:11.748,-1.016025809880730
cat0,1957-09-21T2:39:02.408,0.4996830939935130
cat0,1909-01-03T20:31:17.514,-0.11940590335135300
cat0,1959-12-07T19:38:00.165,0.7745739133658770
cat0,1977-10-07T0:39:58.088,1.9020905113838400
cat0,2011-06-14T0:11:34.787,-2.0963632723817200
cat0,1991-06-24T20:48:16.913,-0.867605173888732
cat0,1981-10-06T11:08:25.494,-0.16644474596085500
cat0,1942-06-01T15:05:04.797,-0.7922771609914410
cat0,1961-08-25T13:51:28.458,-0.5618399940004010
cat0,1978-04-10T9:00:55.441,-0.7687982359942490
cat2,1984-04-28T5:28:24.958,0.09483174942275740
cat1,1971-04-07T10:27:20.022,1.30877175594058
cat2,1981-07-09T9:53:48.817,-0.5544633297531180
cat1,2017-06-06T2:38:25.976,0.5121798327224070
cat1,1912-06-23T14:17:15.616,-1.6544588854212900
cat2,1968-05-12T14:28:36.659,-2.275616259126410
cat0,1933-02-21T23:25:45.020,-0.4461152388411780
cat0,1984-05-30T17:57:17.421,-0.07325545592826090
cat0,1952-04-16T19:54:10.276,-1.7675733538038600
cat0,1970-06-27T9:41:22.004,-0.4206912037726340
cat0,2044-04-24T4:59:31.716,0.044839535586000900
cat0,2028-03-21T13:27:24.545,2.409143917834590
cat0,1926-01-22T5:13:12.508,-0.26358125121213100
cat2,2015-05-10T18:02:39.549,-1.6822219323963500
cat1,2046-12-09T19:17:26.017,-0.9054567141986230
cat0,2015-03-09T19:55:13.399,2.2293328836140400
cat0,2026-05-20T18:57:13.218,1.3892354685480300
cat1,2026-08-28T21:51:56.211,-0.5543945931528270
cat2,1907-12-23T8:42:27.764,0.5705927624838720
cat0,1922-09-10T15:43:52.169,-0.7668477676679390
cat0,2026-02-11T7:42:34.413,0.39103352219332300
cat0,1904-05-20T6:02:52.557,0.7150465229350910
cat0,1979-12-24T22:04:01.853,0.5107311005755990
cat0,2000-06-19T19:50:35.174,0.04053436254815960
cat0,1957-03-02T11:48:16.986,-0.7003627313926430
cat0,1970-02-03T6:50:48.786,-1.2489639284207900
cat0,2027-06-27T21:51:42.873,1.4757065876730300
cat1,1934-03-03T15:58:18.354,-0.1280818228366680
cat0,1958-11-18T16:07:47.193,-1.7218482627128900
cat1,2009-10-19T23:41:28.559,0.686878430488117
cat2,1920-08-25T8:57:58.470,1.2120959728344100
cat0,1950-10-28T3:35:36.190,0.2731905662717190
cat0,1929-02-24T11:51:06.762,-0.86698014468016
cat2,1923-06-06T5:15:06.647,-0.16279280932527800
cat0,2045-08-20T9:37:07.896,-1.276794678000080
cat0,2011-12-06T11:38:33.221,1.2009785221988500
cat0,1949-12-09T10:26:51.679,0.8928934145184990
cat0,2012-12-29T4:15:24.586,-1.0534775084465400
cat1,1981-05-05T20:44:08.269,-0.7124164860888990
cat0,2014-01-10T17:16:11.852,0.5360133335054130
cat1,1919-04-13T15:53:02.515,1.4569774913524000
cat1,1939-02-22T11:49:05.038,0.8892326509650910
cat0,1910-10-06T9:01:03.959,-1.5749086709494600
cat0,2019-08-19T0:00:18.974,-0.704214817838915
cat2,1975-04-04T22:52:56.040,-0.43164680507909300
cat1,1995-05-06T1:09:47.793,0.7026110669507250
cat2,2006-12-27T15:18:19.280,-0.6617512877100450
cat0,1938-10-17T12:59:47.461,-0.8656465516521840
cat0,2036-10-07T12:21:07.824,-1.5892794506103600
cat0,2023-07-17T22:10:37.980,1.0984676550918100
cat2,2020-10-14T3:11:41.131,0.8115589535804370
cat2,2003-03-13T13:00:40.675,-1.2146120334874400
cat0,1924-09-29T2:30:08.217,0.6746269294810770
cat0,1954-12-01T20:40:40.839,-1.054478882046220
cat0,1991-11-29T6:32:58.442,-2.213259837180490
cat1,2045-07-15T21:49:52.252,-0.7313450778109490
cat0,2028-11-18T19:14:30.027,1.9687500386138700
cat0,2039-11-28T8:44:02.184,-0.08641923216386230
cat0,2006-06-14T19:13:43.418,-0.7963740999705330
cat0,2015-07-29T11:57:36.877,0.3604697084163690
cat2,2026-08-14T12:21:13.967,0.5879945925311000
cat1,2045-01-23T7:46:24.879,-1.7171410338780900
cat1,1913-11-30T7:16:08.491,-1.0971212168811900
cat0,2039-07-23T7:35:28.630,-0.9653918356192340
cat0,1954-11-05T18:04:53.173,0.4214869679680400
cat0,2034-06-14T23:26:13.031,-0.16541339083996400
cat0,2048-11-03T0:05:55.541,0.10901265120973900
cat0,1908-06-07T1:37:25.429,1.3533774787310100
cat1,1965-04-15T20:33:02.041,-0.46682633003592400
cat0,1935-06-29T14:29:58.541,0.3841423470676320
cat0,1977-06-12T9:34:17.685,-1.690449917171930
cat0,1920-07-21T21:56:25.861,-1.5440739197178800
cat1,1936-12-08T7:11:08.159,0.7840084347283910
cat0,1961-06-16T5:04:52.371,0.9545546707125700
cat0,2013-01-11T3:09:31.691,0.04376942950913910
cat0,1928-11-05T0:44:05.350,0.07712955330128460
cat0,1967-12-08T3:07:19.718,-0.5861785036982250
cat0,1956-03-19T8:44:05.818,1.4577764184663000
cat0,1987-02-18T10:15:40.514,1.6431764709078900
cat2,1988-05-16T22:31:56.892,-0.6303609622738500
cat0,1974-03-19T16:35:57.643,-0.8390438163004950
cat1,2021-06-14T18:19:28.123,1.1020955752889400
cat0,2049-11-19T21:34:27.437,0.5183303271736070
cat0,2002-03-04T1:53:58.275,1.0929230811867900
cat2,1954-06-08T13:35:15.863,0.3585941748736270
cat0,1929-06-19T19:40:22.355,0.9251943146663950
cat0,1984-06-04T12:53:24.433,0.04458466336633600
cat0,2036-01-10T9:52:44.315,0.12936878434866600
cat0,1972-04-17T10:44:44.750,0.08024195473063410
cat2,1918-04-07T4:06:49.013,0.07657286882239470
cat1,2041-06-21T22:21:53.865,0.5667147630052540
cat0,2021-11-16T7:25:16.139,0.911931961885018
cat0,1916-05-21T16:25:13.936,-0.1855844813438310
cat0,2004-11-13T6:39:22.704,0.06993197253420640
cat0,1978-10-09T12:12:20.319,-0.41712086945863500
cat0,1907-12-23T21:07:07.300,-0.09367001474049180
cat0,1978-09-07T18:09:15.410,-0.564783667975394
cat0,1940-03-06T9:12:46.905,-0.9357533516764630
cat0,1992-12-06T20:25:15.749,-0.022344065640285000
cat0,2032-08-03T21:55:38.397,-0.8973151677592110
cat0,1932-08-01T0:56:38.221,-1.2368651867644100
cat0,2031-06-17T7:46:37.074,-0.5595687698328510
cat0,1903-12-01T0:16:49.868,-0.08489992201109550
cat0,2038-10-29T23:15:28.899,-0.1495472491521440
cat0,2018-04-23T22:39:22.066,1.5210435553849200
cat1,2025-10-14T1:18:32.269,0.2209946107665310
cat0,1968-11-27T23:47:39.461,-0.5775954258214420
cat2,2027-10-17T7:08:56.590,1.2973170931399000
cat1,1968-10-29T23:37:43.570,-0.6800905943224520
cat0,1947-11-26T7:05:20.148,0.5258115217576290
cat0,2046-02-11T1:06:30.650,0.37459325317566100
cat2,2023-01-01T23:01:24.461,1.12423460709609
cat0,1973-02-25T7:03:46.921,0.014876939746535000
cat1,2033-01-24T23:33:47.785,-1.6676098577393900
cat0,1936-03-26T19:28:29.509,0.12511545659822000
cat0,1955-03-05T19:56:30.162,0.2567370980954330
cat2,2002-01-13T5:07:42.799,1.0447187743687300
cat0,1968-04-25T14:56:52.347,-1.5625536917032900
cat0,1908-06-12T0:30:00.380,-1.3000263187187300
cat0,1974-09-13T8:34:08.363,0.7997709180820880
cat0,2028-06-17T11:34:01.750,1.4353824628742500
cat0,1951-10-23T18:46:38.130,-1.038854060083850
cat0,2035-08-05T19:16:29.924,0.8650720877513040
cat0,2045-11-28T11:27:11.387,-0.7752391642122940
cat0,2038-10-01T3:02:29.349,-0.31486309835696500
cat0,1952-09-04T8:04:11.568,0.5001932324490830
cat0,1958-01-01T11:09:09.029,1.0523826947008000
cat0,2025-06-09T19:45:03.939,-0.5640426194765440
cat0,1955-08-17T3:17:23.860,-1.0223446380694200
cat2,2014-03-26T13:32:37.404,1.0992408462467100
cat1,2000-12-22T2:39:56.778,0.2113628020183170
cat2,1954-10-19T11:55:51.616,-0.1240093133255500
cat1,1975-04-23T23:45:58.007,2.83726448990538
cat0,1994-08-18T2:36:43.083,-0.9451845307028760
cat0,2000-05-05T3:29:57.512,-0.95741744687274
cat0,1921-01-31T12:47:47.974,0.7975907567798170
cat0,1989-11-24T15:56:09.209,-0.021449031766719900
cat1,2006-08-14T19:47:01.156,-0.959658926649476
cat1,2027-11-30T20:10:46.104,-2.259248819759260
cat0,1938-05-03T20:49:34.817,-0.1294191472635080
cat0,1918-02-01T5:12:11.651,0.6587103392322770
cat1,1900-10-22T15:49:55.877,0.4115412787633880
cat2,2019-09-19T3:50:30.957,-0.9648918917550820
cat0,2006-04-17T4:06:56.768,0.4566564134102160
cat0,2045-09-16T21:50:12.734,0.25625298118639200
cat1,1972-11-19T8:29:24.341,0.8352955034910560
cat2,2022-04-06T13:03:50.013,2.6243242982304400
cat0,2000-04-21T23:40:19.818,-1.0292403414443000
cat1,1974-07-23T22:32:54.013,-1.1695927600651400
cat0,1952-12-12T9:19:00.818,-0.0690088759191328
cat2,1911-12-31T23:31:48.652,0.9562678371634470
cat0,1934-03-21T3:58:17.936,1.2936875968373200
cat0,2040-08-02T15:38:17.207,2.295316320950600
cat1,1977-08-15T5:35:51.350,-0.4635826665486880
cat0,2041-09-17T22:14:45.831,-0.5366081705718050
cat0,1918-02-26T14:00:29.999,-0.0022052695144606400
cat0,1948-01-02T22:22:20.753,0.14135616331897700
cat0,1952-12-20T3:09:06.369,-0.6853040121682420
cat0,2010-07-12T11:09:38.478,0.24869298803571700
cat1,2039-05-20T8:26:07.568,0.40277966630468100
cat0,1926-03-13T20:11:50.336,-2.4650402943342400
cat0,1956-07-23T0:23:45.572,-0.08394689155243490
cat0,1952-08-13T18:16:04.600,-0.978485027672803
cat0,1906-11-03T0:02:59.960,-0.10573782453143800
cat1,1939-10-23T23:55:24.996,-0.3663177722700630
cat1,1992-06-12T6:56:14.293,-0.28707076343333100
cat0,1953-01-04T17:18:31.072,-0.8271493530597200
cat0,1921-09-25T17:07:58.681,-1.7226336729977900
cat1,2047-06-04T12:38:39.498,-0.025998638361089900
cat0,1935-10-21T8:30:35.978,-1.189233702009400
cat1,2028-08-02T5:51:34.292,-0.2977605440254270
cat1,1928-11-11T16:42:12.628,-0.8819921580526740
cat0,1961-06-27T22:27:56.887,0.8345819093603070
cat0,1996-03-23T7:22:26.613,-0.3020360733458470
cat0,1954-01-16T5:54:07.339,0.6004516562092890
cat0,1965-02-07T9:55:26.715,-1.3243651528162800
cat0,1959-07-20T10:56:34.963,0.6198675632827760
cat0,1941-10-02T0:47:23.217,0.2557317036991500
cat0,1961-03-05T20:57:06.886,0.46416963695987200
cat0,2041-12-08T22:50:23.571,-0.037310566156126500
cat0,1969-04-26T16:53:49.767,-1.4610546828079100
cat0,1913-11-13T11:08:16.917,-0.34185045409842700
cat0,1960-11-02T18:35:44.797,-0.2504904883368990
cat0,1978-02-11T11:53:47.705,0.7489467714148690
cat0,1991-07-15T1:08:25.791,1.170994938396860
cat0,1949-10-22T20:13:49.826,0.1441018349508980
cat2,1972-12-15T19:07:13.198,0.031918840351729100
cat0,1905-01-19T14:51:28.621,0.8270453387658350
cat0,1909-07-05T18:41:19.956,-0.513829222128048
cat0,2001-01-11T11:30:21.700,-1.5374204882543400
cat0,2000-10-17T4:32:31.708,-0.9586807972586190
cat0,1972-07-03T6:03:49.044,0.6342125984574240
cat0,1986-12-22T3:57:00.021,1.7392124092777100
cat2,1954-10-19T9:17:05.781,1.8851341565799100
cat0,2012-11-15T20:17:10.653,-0.8290660746680130
cat0,1910-07-28T17:54:55.419,-0.2788820334633240
cat0,1957-12-16T16:39:51.984,-0.7181685525422010
cat2,1936-10-31T22:55:47.691,-0.12410987573253200
cat0,1980-08-10T5:02:28.354,-0.05526446835684070
cat0,2049-01-03T19:09:17.148,0.48025388932215200
cat1,1917-06-14T0:35:44.166,0.6929355683552770
cat0,1998-04-23T18:06:53.790,0.09935198960230240
cat2,1975-09-05T0:22:49.227,0.9928421776096210
cat0,1986-01-24T6:30:27.361,0.21981202105225000
cat0,1954-01-13T8:23:23.221,-0.5101375494331900
cat1,2001-02-24T15:50:17.762,-1.086168390420020
cat0,1945-04-19T7:31:36.761,-0.04576890958071910
cat0,1996-03-19T7:59:59.860,0.7712072643049840
cat0,2031-06-04T15:17:18.476,-0.6121905243821880
cat0,1947-09-02T17:54:27.540,-0.14283036937010300
cat0,2015-08-28T15:01:56.335,0.11209929543049800
cat1,2034-09-15T10:38:50.089,1.4353891322986800
cat0,1932-09-10T9:46:32.689,0.28560129374261000
cat0,1998-10-03T3:06:29.663,-0.5388973216679560
cat2,1944-03-07T2:06:29.225,1.7011607201071900
cat0,1943-06-25T14:26:49.974,0.7118850610482110
cat0,1986-10-01T11:08:29.490,1.411079536407670
cat0,2035-08-14T14:34:41.088,-2.2879615379560500
cat0,1965-08-26T5:26:47.704,1.97958064606072
cat0,1972-10-21T16:26:44.319,0.16140936640680500
cat0,2043-11-18T22:05:20.232,-0.7638383353928110
cat0,2022-01-29T0:23:09.010,-0.011903835077518900
cat0,2008-09-27T5:25:56.477,0.9062995119648790
cat1,2033-06-18T7:52:11.234,0.9810912787051300
cat0,1988-10-09T22:57:26.773,-0.23862442388396200
cat0,1956-03-28T12:37:10.084,-0.7787458406859110
cat0,1941-01-15T10:41:52.057,0.12744254264196900
cat0,2034-11-02T20:14:20.747,-0.31911076475758200
cat1,1994-07-13T22:31:16.304,0.7704834397976360
cat0,1983-03-12T10:18:18.739,0.5081717422773400
cat0,2023-04-19T11:08:29.567,0.025690959742156000
cat0,1936-10-12T1:35:24.821,-0.2676182867387930
cat0,2020-02-20T16:57:57.058,0.5862960164874380
cat0,2030-12-16T8:33:34.433,0.8313419405199590
cat0,1905-08-27T5:19:09.471,0.7146375894102780
cat1,1952-09-07T1:35:31.002,-0.43469762377728800
cat0,2007-12-14T16:45:30.265,-0.22601029416416700
cat0,2026-06-01T21:01:23.632,-0.6508248494075880
cat0,1968-04-09T12:58:29.913,-0.3656531118134380
cat2,1960-02-09T21:24:41.485,-1.2638204557913000
cat0,1947-04-04T23:34:58.942,0.771752804959629
cat0,2008-01-10T16:11:30.748,0.5187812059244730
cat2,1949-01-18T21:03:22.166,0.8727838339187570
cat1,2034-07-08T6:47:35.386,-1.5346559511588900
cat0,1978-04-01T14:55:04.160,0.22749138628808200
cat0,2027-07-07T21:24:20.357,-0.760934146266728
cat0,1938-08-17T14:51:01.614,1.3337339683653000
cat0,2010-12-25T5:25:03.478,-0.4726181688198900
cat0,2046-08-15T17:58:04.260,-0.2129489649979170
cat0,1992-05-14T0:15:08.789,0.016308760796659000
cat0,2020-01-01T18:23:09.867,-0.6869500216505470
cat2,1949-11-14T17:30:10.256,0.7223897736836550
cat0,1946-08-30T12:35:45.565,0.5503415187010630
cat0,1992-08-08T19:52:23.925,0.08419124917142420
cat0,2040-06-14T20:08:45.672,0.015178854334176500
cat0,2038-03-07T17:39:40.476,-0.056690055545062900
cat0,1955-03-17T2:48:25.082,0.4093736585052940
cat0,2048-10-23T16:22:19.195,-0.06130896906952350
cat1,2005-10-12T7:25:13.315,1.3250960612699000
cat0,1999-12-20T3:52:44.765,-0.6308326793892330
cat0,2026-02-12T22:27:39.395,-0.6001607606548510
cat1,1905-06-14T22:35:39.681,-0.18298647633312800
cat0,1963-06-14T2:39:14.632,1.4514534862942900
cat0,2028-11-04T21:54:39.559,2.8623306927461200
cat1,1931-12-14T16:39:35.027,-1
cat0,1931-08-10T6:26:20.557,-1
cat1,1931-01-28T12:32:46.181,-1
cat2,1931-01-18T21:45:09.874,-1
cat0,1931-12-26T17:51:57.956,-1
cat0,1931-07-01T15:54:32.555,-1
cat0,1951-12-29T7:53:45.302,-0.5047864602900040
cat0,1913-04-30T16:22:30.912,0.5741804002787000
cat0,1956-09-13T10:29:22.278,0.18817426519889500
cat0,2017-11-13T0:35:21.752,0.8917285508827400
cat0,2032-08-25T8:03:15.425,-1.6955948625206300
cat0,2014-03-17T20:36:50.382,-0.41167737694736900
cat0,1979-09-15T14:52:44.735,-0.7577592898319910
cat0,2013-12-06T18:16:29.173,0.7165774367719540
cat0,1929-10-01T3:33:48.988,-1.0640275797215300
cat2,1905-05-24T20:36:54.399,1.199240100440910
cat0,1928-05-12T23:11:30.464,-0.29753004675848800
cat1,2039-04-16T14:21:51.740,0.46061190719174900
cat0,2032-04-20T7:45:06.194,-0.5992293954153180
cat1,1979-10-31T11:56:19.476,-0.24852055466919400
cat0,1953-02-07T17:47:48.906,1.5102443917920700
cat0,2036-01-18T20:45:36.719,-0.930675230055969
cat0,1981-03-16T18:47:44.531,0.18925804770986300
cat0,1972-08-27T5:08:54.435,0.37538729524672800
cat0,1927-02-10T21:24:56.210,-0.2411437886886610
cat2,2035-04-12T7:44:02.025,-0.32753591323721100
cat0,1952-04-23T23:04:57.131,-1.028793438094340
cat0,2044-10-05T13:31:59.039,0.650943028347011
cat0,2032-09-25T23:15:44.374,-0.9698917496025190
cat0,1906-11-03T13:06:18.660,1.0212417645280100
cat0,1997-02-10T16:13:26.686,-0.4411257822182580
cat0,1979-02-27T0:52:46.596,0.07275372417618770
cat0,1900-01-29T20:42:36.034,-2.307374369335410
cat0,1994-03-04T10:29:01.277,-1.6040688037922800
cat2,1902-03-26T15:03:42.335,2.087292338221720
cat2,2034-06-11T12:40:01.037,0.20463006384261900
cat0,2030-01-24T22:56:32.123,-0.5053694212081840
cat2,1908-08-01T15:51:13.269,-0.986142199759005
cat0,2009-12-13T14:33:42.854,1.109272859910860
cat0,2037-12-21T12:29:58.124,-1.0069869365581600
cat0,2018-04-14T21:21:12.345,-0.5408659139656540
cat0,1991-08-06T19:03:19.851,-0.04700928444891030
cat0,1965-10-26T7:49:09.115,0.2936571810102940
cat2,1951-04-08T11:55:16.559,0.025094245134882900
cat0,1999-08-27T22:39:07.469,-0.2885222529434090
cat0,1900-10-12T0:42:56.953,-0.5896022988108240
cat0,1942-05-14T22:06:39.095,1.4608358056037500
cat1,1958-05-05T20:54:24.869,-0.9108240898859110
cat2,1972-09-01T17:48:18.036,-1.5471493408909400
cat0,1976-11-12T4:18:57.029,-2.6395031291170400
cat0,2001-04-16T13:01:35.024,0.018409319144399600
cat0,1978-08-18T13:38:07.245,-1.076556106078100
cat2,1955-11-09T20:48:23.360,0.6218272696180510
cat0,1957-11-25T9:56:46.595,0.03389840076883510
cat0,1947-08-13T9:18:22.283,-0.3540830241449590
cat0,1991-10-20T7:32:12.531,-0.22719209564612000
cat0,1987-12-11T23:06:12.386,-2.178141265712260
cat0,2027-05-30T1:34:10.691,-0.24612561538328800
cat1,1908-07-29T18:54:54.576,-1.5424250362685600
cat0,2005-08-24T2:02:51.899,-1.0601196878775000
cat2,1952-03-22T17:49:39.807,1.753613011957200
cat0,1951-02-09T17:40:11.527,0.3733301114524960
cat0,2042-12-29T11:10:03.068,-0.250794769242975
cat0,2039-07-01T0:19:27.512,0.48586953082144700
cat0,1945-03-29T16:41:51.644,-0.142837608775986
cat0,1970-02-25T7:24:19.309,-1.397915809619290
cat0,2028-01-10T18:22:27.612,0.8039440425801280
cat0,2044-03-19T14:24:56.441,-0.49920882184963700
cat0,1916-03-04T4:43:55.051,-0.5970934952571940
cat0,1986-03-22T10:50:33.501,-0.6621997043072310
cat0,2018-02-11T6:08:56.520,0.7650684371324760
cat0,2045-03-22T3:09:37.926,1.1788255151089200
cat0,1965-11-10T4:38:38.327,1.250486905311300
cat0,1995-09-11T17:36:57.868,-0.5655515924780720
cat0,2044-11-05T18:00:00.630,-1.0290028480911300
cat0,1997-08-13T1:47:58.246,-1.3958234232386600
cat0,1920-05-11T6:16:04.730,0.7830249913601850
cat0,1945-01-06T13:58:22.879,-0.9635965885385970
cat1,2033-07-16T7:04:01.682,-1.0101220494869600
cat2,1954-08-06T22:16:57.186,-0.45104426726531300
cat0,2010-04-06T7:14:38.311,-1.1803687570847300
cat0,2026-11-30T12:48:14.126,-1.5564385507287900
cat0,2002-04-01T4:42:31.931,1.0742253731124500
cat0,2015-08-11T21:42:00.496,-0.6924393196180240
cat0,2035-10-12T23:02:25.485,-1.0558907424345900
cat0,1926-09-01T2:16:39.229,-0.33722302773932200
cat1,1910-07-14T7:36:34.385,0.17226136384618600
cat0,1947-11-27T3:45:42.561,-0.24949033709990700
cat0,2018-03-15T14:25:05.452,-0.9320104789829210
cat0,1990-08-23T7:06:37.536,1.5713391819841400
cat1,1930-01-31T15:50:46.028,-1.1558018504673700
cat0,2036-01-16T22:30:16.821,1.1232262169247400
cat0,1923-09-26T5:55:52.484,0.039311591552799500
cat0,1940-10-22T14:09:05.095,0.21457808439198300
cat0,1994-08-05T5:48:51.984,0.05562060388906540
cat1,1997-03-09T8:03:31.364,-0.1775817802486620
cat2,1911-12-08T8:09:53.348,0.218755556817088
cat0,1989-08-15T18:22:05.778,-0.24069618863371100
cat2,2002-12-07T6:03:02.610,-0.062165226289993100
cat1,1925-04-08T17:14:06.795,0.0804021632840977
cat0,1917-06-05T14:56:14.411,-0.3901257074542220
cat0,2030-07-10T23:13:13.868,0.6962472160885020
cat1,1990-11-25T22:45:20.014,0.21761627206233000
cat0,1996-11-19T8:00:19.284,0.16213650303195500
cat0,2042-12-30T4:46:42.311,0.4343649312341360
cat0,1969-12-16T5:47:33.422,-0.1418826747183950
cat0,1981-06-30T23:21:45.488,-1.3335487023678900
cat0,1948-03-31T20:13:20.345,0.5810923068696490
cat0,1908-07-06T0:59:36.184,0.36650881280877100
cat0,2039-11-07T13:25:47.061,0.262566612771352
cat1,1980-07-04T18:18:14.004,-0.2371794106204730
cat0,2007-10-21T16:30:52.705,-1.2538546234834300
cat0,2018-09-12T21:29:20.303,-0.9246517232123870
cat0,1942-09-18T7:12:38.471,-0.19569525198371200
cat2,1929-08-31T22:31:22.708,-0.35255296042388600
cat2,2005-12-19T4:40:46.139,0.42650091107247100
cat0,1997-11-04T13:08:22.055,1.5757474816504800
cat0,1945-01-06T21:11:04.518,-0.3624135710784290
cat0,1994-07-07T17:11:55.179,1.1617205824310800
cat2,1951-07-21T11:54:24.898,0.06882409425120860
cat0,1944-01-27T5:42:36.793,1.1126307417417900
cat1,1907-09-21T22:20:51.146,1.465175618330800
cat0,2002-07-26T6:58:23.216,0.41245113629084000
cat0,2008-09-26T1:48:25.912,1.3930442326892200
cat0,2018-07-08T9:53:52.887,-0.9139776698199470
cat1,1907-05-04T7:22:01.041,-1.6108755531442300
cat0,2005-01-14T14:34:51.442,0.8959227833226850
cat0,1920-10-03T5:46:10.325,0.35883401095146900
cat1,1901-06-17T14:40:12.296,-1.184619263444560
cat0,2049-09-30T6:43:48.371,1.0329427460442500
cat2,1908-10-17T8:49:48.968,-0.047330385557566400
cat0,2015-07-15T16:21:32.862,-0.7488065081495460
cat0,2022-11-26T20:23:04.056,1.8965757637358900
cat0,2028-08-05T20:06:35.397,0.8211315663631220
cat0,2016-11-02T8:50:09.373,-0.6421571283591090
cat0,1937-02-17T2:30:39.456,1.1777322340729100
cat0,2034-01-21T20:52:22.423,2.11816240008462
cat1,1990-08-19T21:10:09.826,-1.3023577947551400
cat0,1903-11-23T5:54:51.876,-1.054935795457350
cat2,2038-04-09T0:02:30.789,-1.4924346028044600
cat2,1918-11-07T19:56:32.364,-0.2346552189266010
cat0,1929-04-01T2:49:22.540,-1.141380558606840
cat0,2019-09-08T0:54:19.056,0.9775936088480460
cat1,1993-09-16T16:39:55.156,-1.1116880858069600
cat0,1934-02-01T6:01:51.884,-0.6525604403982100
cat0,1941-11-01T16:19:43.252,-0.791674761794253
cat0,2017-02-22T19:42:11.557,-0.9660744851034970
cat0,1985-01-21T1:19:08.282,0.22149467572100000
cat0,2039-02-17T13:33:59.113,-1.141781625044170
cat0,2034-04-10T23:34:32.026,-0.4655869499896840
cat0,1900-02-22T8:38:07.781,1.455775730235180
cat0,1921-04-29T15:46:23.345,0.6261400148642100
cat0,2004-03-31T8:20:27.617,-0.22326257841338100
cat0,1967-11-15T8:18:48.322,0.6348122673694650
cat0,1925-03-07T3:22:50.357,-2.07253794039695
cat0,1976-11-10T16:20:17.179,0.6037820953998590
cat2,2007-09-13T4:15:20.856,1.5020651505342200
cat0,1937-05-12T19:27:29.211,0.6769916200775860
cat0,1932-06-27T2:32:59.560,1.2838853429246900
cat0,2009-09-01T11:39:42.304,-1.1219842352319200
cat0,1909-01-03T13:22:34.721,-1.366032025726750
cat2,2044-08-18T20:42:55.407,1.1694789106391100
cat0,1997-01-25T2:37:44.642,-1.7874641029746500
cat2,1966-11-19T7:43:35.447,0.7266265717190750
cat0,1978-10-17T20:59:30.197,0.7030518077827430
cat0,1995-07-03T20:15:31.047,-0.06669281879346200
cat0,2020-09-23T5:13:17.968,0.5675077017861150
cat2,1929-05-16T19:51:29.720,1.4710858582695300
cat1,1996-04-21T10:41:16.390,0.18718486218755500
cat0,1985-10-20T9:45:00.312,0.9821943690378780
cat0,2037-09-15T18:24:31.105,0.3364680732336300
cat1,1985-04-09T7:55:25.431,-1.0176146519012600
cat0,1962-08-13T12:49:27.712,-0.5102364786852270
cat0,1955-08-08T7:12:37.732,0.07959837746620190
cat0,1989-06-05T13:13:28.306,-1.199698968765450
cat1,2035-02-09T12:16:45.898,0.713815714989406
cat0,1968-09-10T19:01:11.437,1.2121897652958500
cat0,2012-06-10T14:34:22.263,0.044008437999648200
cat0,1900-04-08T21:08:07.452,1.3899516986881600
cat1,1945-09-05T13:32:16.012,0.7045677324381500
cat2,2018-09-08T20:39:06.450,-0.2560988311606340
cat0,1915-07-21T8:47:25.312,-1.647987712196820
cat0,1958-08-12T7:11:43.606,-1.1338918844908100
cat1,2020-01-19T15:09:55.117,0.18451654167832800
cat1,2047-08-14T2:19:43.355,-0.42430376899304900
cat0,1927-09-25T12:02:07.134,-0.224730673527898
cat0,1971-09-29T20:09:34.292,-1.2944031382233300
cat0,1961-02-13T23:09:13.274,2.0458912973173100
cat0,1907-10-23T21:53:51.564,-0.7644840724135980
cat0,1994-02-16T10:01:15.827,-0.6585998884664400
cat1,1915-01-02T1:22:14.712,0.23464562683975000
cat1,2039-01-27T20:11:12.992,-0.5642648982976280
cat0,1992-05-22T22:04:53.886,-0.12011315792157100
cat0,1936-08-07T14:28:29.949,0.12856868170070000
cat0,2015-12-07T10:18:42.416,0.24015321630451400
cat0,1965-09-21T7:48:25.651,-0.1463892323852550
cat1,1960-10-12T8:26:11.018,-0.3048275444872270
cat0,1926-06-02T3:34:52.989,0.9299471693742860
cat0,1922-02-10T5:57:23.191,-1.2334135281680300
cat2,2035-07-18T10:42:07.986,-0.8584352721086900
cat0,1986-08-18T3:06:54.506,0.2645972267607150
cat0,1904-11-17T13:52:47.337,-0.4695806045765680
cat0,1900-03-31T3:30:05.895,1.1803475944146100
cat0,2002-07-30T16:26:25.183,-1.7202734140025900
cat0,1934-06-17T21:29:42.458,0.1413046608742540
cat1,1957-06-07T8:28:21.497,0.4404982370333910
cat2,1945-06-22T4:53:13.689,0.7323420166820080
cat0,2042-05-01T13:44:58.825,1.2498104233486000
cat0,2012-10-03T14:30:53.095,-2.2121826343714400
cat0,1918-12-09T4:31:01.763,1.8011448579479900
cat0,1988-09-06T17:31:29.433,-0.6042578669093030
cat0,2045-06-08T13:40:28.408,0.6238324893323670
cat1,2011-06-23T2:08:29.473,-0.479209814023544
cat0,2038-03-13T19:48:37.754,1.1187314760607700
cat0,1996-06-28T3:42:02.134,0.1988207268803590
cat1,2022-09-06T21:29:23.830,1.1153652315117100
cat2,1961-08-06T9:43:55.722,1.5002483872001100
cat0,2006-03-13T15:59:00.245,-0.6787145041091850
cat0,1911-03-30T19:54:04.145,1.2285635638641600
cat0,2002-04-21T4:25:48.447,1.3816216301665400
cat0,2015-09-23T8:30:27.304,-0.1633331400685000
cat0,1948-04-10T19:18:57.183,-0.017615684140100700
cat0,1939-04-25T4:55:23.140,0.5628209426712870
cat0,2041-10-28T12:03:11.849,-0.9787500106822830
cat1,1968-12-02T0:13:16.714,-0.2855612342520220
cat0,1952-03-21T8:28:38.682,0.8677416904062740
cat0,1975-10-25T9:24:49.791,-0.28267357055294400
cat0,2029-08-07T12:27:51.879,0.09999115230444700
cat1,1983-04-24T5:05:30.381,-1.7580599026756100
cat0,1981-05-31T3:03:08.745,-0.9606378896715250
cat0,2040-08-12T21:02:04.693,0.9173996345212990
cat1,1942-10-03T12:33:43.238,-1.3820739039546400
cat0,2049-07-20T9:28:06.659,0.3061474309503800
cat0,1955-11-01T7:09:35.769,0.4610954912251820
cat0,2006-08-18T6:15:51.913,-0.6949308687353740
cat0,1928-07-17T16:24:28.062,-0.08037635810486000
cat0,2003-04-11T18:01:28.855,-0.09212871157528930
cat0,2039-09-04T7:44:32.966,0.3847532848579150
cat0,1971-05-07T1:55:01.114,-0.5778743508463300
cat0,1921-09-20T20:51:51.326,-0.4656444699217630
cat0,1932-08-23T17:39:08.710,-0.9673020795621100
cat0,1973-10-09T7:24:39.371,-0.12168234889113300
cat0,2048-08-07T15:58:55.126,0.19488343988477200
cat2,2032-06-22T5:45:12.461,-0.3758614192329700
cat0,2015-04-12T14:21:13.770,0.2750520412627480
cat0,1943-10-24T12:03:14.414,0.15474639234343500
cat0,2007-06-07T12:42:01.919,-0.9411802305233700
cat1,1974-06-06T7:25:52.448,-0.11815062129196700
cat0,1920-01-14T4:18:45.256,0.9136176552901030
cat0,1949-03-16T17:30:31.315,1.1835197306896500
cat0,1918-02-11T4:56:33.733,1.590028341536870
cat0,2041-11-17T5:27:33.014,-0.336531965886856
cat0,1967-09-27T8:59:31.466,1.261675342048890
cat0,1956-07-15T22:21:16.965,0.578310726916326
cat0,1935-05-21T0:02:42.225,-1.4164816071371400
cat0,1942-04-05T5:09:11.719,0.10415461713555800
cat0,1946-06-11T16:07:57.394,-0.02667551308686790
cat0,1948-06-27T20:16:29.256,-1.3192815924874500
cat1,1928-02-28T13:58:59.192,0.32423382972582200
cat2,2040-11-26T7:02:57.077,-2.553883627605630
cat0,1907-12-06T11:04:10.349,0.429387785378813
cat2,1958-08-02T21:32:52.664,-0.47738305810704000
cat0,2010-02-18T21:37:44.403,1.0143262770881800
cat1,1987-05-21T22:54:43.084,-0.40724467467521000
cat0,1934-03-11T19:03:04.081,-0.3067044662740190
cat0,2025-12-19T18:49:07.295,0.7272776254171860
cat0,1946-02-03T5:54:10.885,-0.05548842644064840
cat0,1942-10-24T7:45:48.463,-1.4931341608122500
cat2,1981-09-10T2:48:51.237,-2.0534904973482500
cat0,1988-11-25T2:41:45.255,-0.016040558585624600
cat0,1916-01-28T23:09:22.825,0.44838851750971200
cat0,2012-11-16T19:54:47.636,0.3509978699145600
cat0,2041-09-20T12:09:40.695,0.754106693736359
cat0,2019-04-27T6:14:28.126,-0.840024115093775
cat0,1981-05-23T14:46:07.457,-1.3973969359948100
cat0,1986-04-17T16:27:16.795,0.3248167779101130
cat0,1954-11-03T13:30:08.263,1.3833558957163700
cat0,1994-12-20T13:48:15.383,-1.0515778656389200
cat0,1997-09-01T0:14:17.430,-1.8220245782600400
cat1,1950-08-21T23:07:14.830,0.18762404880924200
cat0,2048-08-20T22:00:02.141,-1.3157870940627400
cat1,1972-07-03T13:19:51.134,-1.6353999793389300
cat0,1931-12-14T16:39:35.027,-1
cat0,1931-08-10T6:26:20.557,-1
cat1,1931-01-28T12:32:46.181,-1
cat0,1931-01-18T21:45:09.874,-1
cat0,1931-12-26T17:51:57.956,-1
cat0,1931-07-01T15:54:32.555,-1
cat2,1900-07-25T6:31:07.833,-1.2182597299362500
cat0,1959-06-08T10:26:57.769,-0.31924059385874400
cat0,1902-09-20T8:52:59.725,-0.44109584640905700
cat2,1935-11-23T16:52:59.889,-1.0189669091277500
cat0,2018-04-01T0:53:59.874,0.290793242623674
cat0,1976-10-24T8:38:25.348,0.017519279516016300
cat0,1965-04-28T13:43:28.183,1.0030858736416700
cat0,1954-04-09T13:56:48.487,-0.6052481483841730
cat0,1916-09-15T15:51:57.640,1.2276203859880000
cat0,1933-04-03T5:48:20.743,1.2653902572654700
cat1,2026-11-27T7:32:51.596,-0.9136289659612960
cat1,2004-03-25T19:09:13.787,0.6581705630471620
cat1,1924-01-11T17:26:16.422,0.15405818419631800
cat0,1938-04-28T3:51:09.202,-2.3251873025398100
cat0,1926-02-28T12:45:20.278,-0.3113565362748890
cat0,1915-05-19T12:10:13.554,-0.7458414743482300
cat0,1904-05-21T8:10:13.716,0.5507191040512870
cat0,1960-06-03T18:17:47.427,-1.9376593074950400
cat0,1953-10-08T5:07:57.704,0.05833918662554260
cat0,1961-09-03T8:46:42.192,-0.23498303136752600
cat0,1967-01-19T8:06:19.576,-0.17205758860394100
cat0,1949-08-06T4:39:58.411,0.35329533983999100
cat1,1945-03-09T15:33:14.025,0.13110964125291100
cat0,1980-10-22T2:23:51.655,0.7576990894952510
cat0,1916-11-19T5:12:11.341,-0.20886703164712700
cat0,2039-03-24T12:16:23.472,0.7049018841270400
cat0,1979-03-04T21:05:57.169,0.15570885419387000
cat0,1984-03-23T1:12:31.133,-1.612403320296440
cat0,2047-06-06T6:13:53.200,1.1967403353670200
cat0,2003-07-13T11:23:56.251,-0.42304823161163700
cat0,1954-05-13T14:48:39.436,-0.8975807173009780
cat0,2021-08-20T9:26:52.508,0.15309614499616600
cat0,1971-07-03T15:35:26.262,0.2635985159883400
cat0,1931-12-14T16:39:35.027,-1
cat0,1931-08-10T6:26:20.557,-1
cat1,1931-01-28T12:32:46.181,-1
cat1,1931-01-18T21:45:09.874,-1
cat0,1931-12-26T17:51:57.956,-1
cat0,1931-07-01T15:54:32.555,-1
cat0,1928-11-04T12:58:38.555,-0.10420096430633200
cat0,2032-05-01T20:40:11.703,0.08387559733796910
cat0,1934-09-25T10:51:29.932,0.03580568002265290
cat0,1980-05-01T17:03:19.116,0.2922897645607180
cat0,2042-09-19T19:10:09.952,-1.212831052534220
cat0,1915-11-04T11:30:46.185,1.4340164829039700
cat0,2037-01-04T20:56:08.979,1.121018804108950
cat0,2025-02-18T23:43:11.441,-0.2557709494685770
cat0,1904-06-18T13:19:23.689,0.07943079180555790
cat2,2029-11-28T6:22:13.870,-0.3198303795870420
cat0,2047-04-25T1:26:27.818,0.7867886160010400
cat0,1950-01-27T9:22:31.135,0.1280631999920600
cat1,1910-02-13T7:07:07.900,-0.7881167078471380
cat0,1984-07-01T19:44:28.591,1.3517097326998600
cat0,1950-08-20T21:39:17.960,1.6018599629755800
cat0,1987-02-19T6:13:25.249,0.24400351052238700
cat0,1980-10-16T4:16:49.525,1.0259036459871100
cat0,2006-12-19T9:23:01.127,-0.023203151483272700
cat2,1911-01-27T9:40:27.457,-0.7426669696903150
cat0,1925-05-07T5:15:59.027,-0.39531887838708600
cat0,2046-11-16T3:57:25.659,2.8711682982490800
cat1,1984-07-17T19:54:09.576,0.10167011079817700
cat0,2038-06-30T17:46:41.922,0.11267502931184300
cat0,2020-03-19T23:33:52.147,1.6475552178698900
cat2,1939-03-22T4:08:08.064,-1.0967194359528100
cat0,1939-09-12T2:51:27.656,0.4084254166132410
cat0,1956-01-01T11:22:05.732,-1.071772891393940
cat0,1935-10-26T11:35:26.131,-0.28799179856512400
cat0,2036-09-19T13:46:42.274,1.6541301791410700
cat2,1989-01-06T14:57:20.575,0.574356059517855
cat0,1949-01-14T0:47:36.457,1.0499044983991300
cat0,2040-07-02T23:56:03.538,0.06865113859567250
cat0,1948-03-03T11:31:25.658,-1.1838175161359000
cat2,1973-05-13T1:08:01.480,-0.22965402270946400
cat0,2015-11-13T15:08:51.240,0.3639062592027540
cat0,2033-09-08T3:31:44.508,-1.3563951839120800
cat0,2010-09-27T22:47:08.723,-0.30325202694493500
cat0,1905-12-24T13:23:31.130,0.1325202200683560
cat0,1999-12-27T21:30:26.658,1.295456899887800
cat1,1912-11-28T21:45:05.095,0.26964998263703500
cat2,1932-09-05T13:11:41.130,0.9518436550086160
cat0,1974-09-19T14:44:41.083,1.0589858226338300
cat1,1905-07-30T3:37:15.729,0.21080407609345900
cat0,1988-09-09T15:18:40.864,2.7386182574561000
cat0,2032-01-06T5:32:08.686,-1.3558400572988600
cat2,1990-05-28T19:22:45.740,0.49477188922378600
cat0,1982-05-13T18:47:47.143,0.9685369243896560
cat0,1944-12-22T7:04:59.729,1.850756507230740
cat0,2003-02-06T7:41:22.848,-0.7821110736718790
cat0,1955-11-30T4:16:05.302,0.9880009455757780
cat0,1942-06-17T20:16:46.473,0.10221878690850200
cat0,1912-05-14T18:52:33.514,0.14428012521953800
cat0,2038-11-27T15:21:00.085,-0.07140492165572760
cat0,2026-05-11T20:31:00.208,0.017946502741538600
cat0,2025-11-09T20:43:52.573,-1.3564902295742400
cat0,1954-10-16T12:56:39.070,-0.2664401765566100
cat2,1972-04-24T11:25:28.039,-1.0836249844909700
cat0,1975-12-28T18:56:12.103,0.43437425034266300
cat0,1994-01-09T11:47:09.860,-0.4548855574812190
cat0,1937-12-04T6:09:11.132,-0.8055240929239220
cat0,1924-02-06T12:24:08.164,1.0086030383477000
cat1,1942-03-26T7:36:07.491,-0.45200395082880400
cat1,1998-06-07T15:50:06.995,-0.17508130113914000
cat0,1954-04-04T23:15:19.277,0.9713570152485750
cat2,1961-05-10T4:30:56.606,0.34566046567242300
cat2,2023-07-20T20:16:17.805,2.56853551180175
cat2,2030-08-04T13:02:12.346,0.10118290600513900
cat0,1940-03-04T17:43:24.925,-0.5106179272885070
cat0,2036-12-22T2:52:20.844,-0.929662396086042
cat0,1923-08-17T8:41:49.103,-0.026484141271550300
cat0,1981-08-05T7:30:18.664,-0.7471666160737910
cat0,1933-04-13T10:12:35.017,1.2734994932685800
cat0,2049-07-13T4:03:05.705,0.09631142223880300
cat0,2030-04-03T13:18:58.034,0.842384343605036
cat0,1940-06-02T13:46:50.085,1.7761932287703400
cat0,1968-01-17T5:01:28.630,-1.0802646262817600
cat0,1967-01-14T16:07:44.885,-0.9154992761048660
cat2,1979-04-06T9:11:44.964,0.6720668626014990
cat0,2016-11-11T10:27:43.163,-0.2642263762401750
cat0,1931-12-14T16:39:35.027,-1
cat0,1931-08-10T6:26:20.557,-1
cat2,1931-01-28T12:32:46.181,-1
cat1,1931-01-18T21:45:09.874,-1
cat1,1931-12-26T17:51:57.956,-1
cat0,1931-07-01T15:54:32.555,-1
cat1,2040-09-18T21:15:32.769,1.2830985864878700
cat0,2011-10-04T12:19:26.531,-1.0957627117168000
cat0,2013-04-27T3:23:24.207,-0.3342979509908160
cat0,1903-11-03T16:53:57.740,-1.1705876596037400
cat0,2041-09-11T9:42:09.000,0.37428060347334400
cat0,2020-05-29T6:43:27.053,-2.9467818334987400
cat0,2004-09-06T20:08:20.263,0.26522888546196300
cat0,2023-03-14T11:56:57.361,-0.05208187094929490
cat0,1907-05-25T2:21:59.707,0.28352780087595800
cat0,1939-05-28T3:06:22.599,-1.122169237619740
cat0,1977-07-29T11:10:13.423,1.421370548703120
cat1,1982-08-27T15:49:57.787,1.0065827562011500
cat0,1926-09-19T3:19:39.623,-1.4453753263173800
cat0,2035-01-14T23:31:05.995,-0.0679938828635094
cat1,1956-01-20T15:01:46.664,-1.2871865151157300
cat0,2021-01-13T5:03:26.084,1.0577306795268100
cat1,2042-06-09T12:25:11.722,-0.5688226211901160
cat0,1940-02-24T20:24:58.274,-2.5427125656980900
cat0,1956-05-18T2:10:26.999,-0.3444622489813740
cat1,1970-04-01T11:23:37.185,-0.22313626036669000
cat0,1944-11-28T23:54:53.377,-1.459789603942420
cat0,1920-09-14T5:19:24.472,0.11531094099996300
cat0,1902-02-02T9:14:26.012,1.568355107045420
cat2,1969-05-20T16:39:15.447,1.1453009740604700
cat1,2016-05-29T11:06:53.057,-1.9051449304463800
cat0,2042-03-29T20:17:37.428,1.4645114978094000
cat0,1972-10-09T1:29:40.708,0.028939058603611700
cat0,2025-04-25T14:45:31.987,-0.19241932030706400
cat0,1912-11-09T0:21:15.774,-0.13644086938408200
cat0,2025-06-09T11:38:10.744,-0.592813411736774
cat0,2013-04-24T14:05:00.906,-0.7957869390454290
cat0,1955-04-23T7:02:24.805,-0.4159286577549600
cat0,2037-08-27T12:26:41.863,-0.36619981989962400
cat1,2039-10-06T10:09:51.598,1.7381684037256900
cat0,1939-05-08T15:25:32.794,0.4495362062850690
cat0,1915-02-21T17:42:23.211,-0.19420717311133500
cat1,1983-06-30T22:59:29.038,-0.21267233160857000
cat0,1956-05-28T2:11:20.372,-0.7909384831627370
cat0,1950-10-12T19:21:28.302,-1.534585111585110
cat0,2025-06-15T3:49:46.207,-1.1529327271832900
cat0,2027-03-16T15:53:54.062,1.229758637188510
cat0,2043-01-27T22:53:16.244,0.3489280834517870
cat0,1974-09-14T2:39:00.024,0.12265708536735100
cat0,1940-01-12T3:35:56.867,-0.2964576154187260
cat0,1935-04-18T14:18:08.988,0.5510491340510900
cat0,1960-03-16T10:37:35.788,0.42653493623795200
cat2,1966-01-13T16:28:35.728,0.6650302598878750
cat0,1922-05-19T23:36:48.810,0.1926421041574990
cat0,1946-05-13T0:36:00.245,1.5734701681194500
cat0,1953-07-16T14:00:25.873,0.2607177357834100
cat2,1918-08-17T22:44:06.270,-1.75565812546354
cat1,2016-02-01T12:39:23.628,-0.5670495371058450
cat0,2019-10-21T22:59:31.398,0.7820535567155300
cat0,2035-01-12T12:45:23.276,1.6076188407092700
cat1,1985-02-09T12:11:14.616,0.3477335573722570
cat0,1938-07-08T23:11:34.094,0.5710297486283210
cat0,1973-03-06T16:04:49.615,0.7040190491753440
cat2,1939-07-30T18:42:58.126,0.4534094598174740
cat2,1943-05-08T18:49:21.116,-0.5606615700591240
cat0,1946-07-22T20:09:39.690,0.24548315700329800
cat0,2045-06-08T3:34:06.972,-0.30212849631168500
cat0,1931-04-16T7:20:21.649,-1
cat0,1933-06-29T8:06:44.191,-2.4405420522649600
cat0,1972-04-30T15:24:04.724,-0.5281381384955710
cat2,1997-07-21T5:28:49.896,-2.0280082051609300
cat0,1945-06-15T4:46:46.895,-0.6908307527462120
cat1,2046-06-22T21:26:11.504,-1.0369482399167800
cat0,2005-08-02T4:56:12.362,-2.0691763186139400
cat0,2026-11-24T5:17:56.994,-2.6648477051849700
cat0,1924-02-10T9:04:45.858,0.6122670178611580
cat2,2004-09-15T19:56:05.086,0.8994882979145600
cat0,1982-02-05T19:48:31.370,-2.085135779653840
cat0,1936-02-20T12:01:25.557,0.26472626732200400
cat0,1974-03-09T18:24:10.802,0.35645504399103900
cat0,1935-02-23T18:36:18.978,-0.402243061836187
cat2,1963-06-30T14:25:53.967,0.6612346097834120
cat0,1998-05-30T5:19:19.236,-1.2754581409738000
cat0,1927-06-14T8:22:50.707,-1.1177830985072900
cat0,2036-01-26T13:35:56.651,-1.1228125288554300
cat0,1933-08-13T20:57:25.464,1.685718673183620
cat2,2016-09-15T10:29:05.687,1.7204687008244000
cat0,1971-01-06T8:25:21.775,-0.25902204603036900
cat0,1963-01-31T10:23:23.296,-0.7962166796305350
cat0,1948-04-18T12:29:36.682,2.3897567445224300
cat0,1906-03-10T19:01:49.456,-0.7258916223884610
cat2,2012-06-07T12:16:18.315,-0.5902848302144790
cat1,1963-08-25T15:00:17.359,-0.36355052528111000
cat0,2003-02-03T0:31:59.778,-0.560026554898398
cat0,1929-04-17T1:38:03.033,-0.3230099130111670
cat0,1915-03-15T18:42:31.201,-0.06728438149423410
cat0,1975-11-15T0:37:24.117,-0.22806672966554000
cat0,1914-07-01T7:14:54.185,0.19228724328758300
cat0,1989-07-11T15:43:35.840,-0.4211561745192410
cat0,1925-05-23T7:08:07.360,0.18848657799732
cat0,1969-05-31T9:50:52.143,0.9715924313187210
cat0,1986-08-17T1:34:57.712,0.2647312949455410
cat0,1926-09-01T6:47:47.374,1.5113666177294000
cat2,1993-01-26T9:11:04.856,-1.5895301814278000
cat0,1977-06-08T1:33:24.741,0.13343164243893100
cat0,1935-10-22T17:06:04.961,-0.9722509356161470
cat0,1929-07-31T6:04:51.043,-0.2547527454047220
cat1,1924-09-08T10:43:39.936,-1.0171307078736800
cat0,2046-10-07T3:00:47.049,0.902310179744461
cat0,2041-01-22T5:15:08.329,-1.4033088711136000
cat0,1984-01-02T4:52:18.562,-1.2203467313595800
cat0,1993-09-18T10:38:30.839,0.24775360492974400
cat0,1953-05-03T4:18:48.997,1.2776833563602500
cat2,1982-12-04T9:24:57.235,2.1415214791606900
cat0,2039-10-15T7:17:06.836,-0.8434384690615780
cat0,2021-10-18T2:14:08.716,0.2801022970979600
cat0,1906-04-08T14:51:36.916,0.4365128281845230
cat0,1977-06-15T2:14:42.742,-0.13029399556089700
cat0,1981-08-20T11:10:26.445,0.5344782566867750
cat0,2032-01-21T21:12:27.501,-0.8212603309596230
cat0,1904-06-22T1:20:33.781,0.47747186497058900
cat1,2014-06-14T17:26:32.322,-0.4158055394387770
cat0,2015-07-07T19:33:13.805,-0.5743967445667770
cat2,2005-07-09T16:14:46.508,0.3689344819625760
cat0,1965-07-11T10:44:54.398,-0.5063344732798410
cat0,1926-09-12T9:46:29.927,-0.04822218683032430
cat0,2000-08-04T19:19:28.214,0.21714462998429200
cat1,2024-01-28T7:08:45.420,-0.24235102067413000
cat2,2030-06-10T18:36:48.595,0.7612323767683700
cat1,2023-06-18T21:37:31.476,0.42630274400765500
cat0,2025-03-17T11:57:26.001,-0.5530993264508780
cat0,1970-11-06T18:49:41.260,-0.3175672219915780
cat0,2040-04-08T4:51:16.697,-1.5892763765697600
cat1,1998-12-07T5:35:14.430,-0.37870270195660800
cat2,2047-02-06T9:06:40.128,-1.1660988512656900
cat0,1953-07-20T23:01:18.213,0.505493810073354
cat1,1948-12-19T3:05:31.929,-0.27003007898857300
cat0,1914-07-30T6:34:33.887,-0.6337414536637140
cat1,1973-04-21T10:32:31.805,0.7392964514069730
cat0,2004-10-06T22:45:11.319,0.05540583884003480
cat1,2026-08-18T17:37:16.247,0.8335321000527230
cat0,1989-10-13T14:01:14.567,0.042266216165708900
cat0,1999-01-23T9:38:24.473,-0.07857864924803120
cat2,2006-06-26T8:33:49.710,-0.022021099833058100
cat0,1991-06-01T21:00:42.072,0.18324014196860300
cat2,2022-04-02T21:46:02.305,-0.7701525786974060
cat1,1915-05-29T0:47:36.664,1.1079209703988500
cat0,1963-10-29T18:32:22.955,-0.80726727463506
cat0,1917-01-12T2:34:23.758,0.2121614041831680
cat1,1984-04-17T3:53:12.409,1.1839115891630100
cat0,2045-04-02T1:10:53.355,2.2318932677782
cat0,1959-05-09T11:05:10.528,-2.3341022394089900
cat0,1977-10-29T4:13:45.806,-2.3779352723758200
cat2,1980-09-08T3:01:24.912,-0.01961353421530140
cat0,1982-08-09T1:58:42.351,-0.10655329935255900
cat2,1967-04-03T10:39:36.329,1.1707101374007100
cat2,1998-07-07T15:35:05.532,-1.2900863167074100
cat2,2031-06-29T4:16:45.511,0.5208164111773570
cat1,2026-03-17T10:19:45.688,-1.6202359714727900
cat0,1954-10-12T17:41:29.155,-0.9514517026764590
cat0,1939-03-11T11:47:50.155,-0.5321187365448350
cat1,1986-12-06T15:54:09.934,1.2028295727586600
cat0,1920-07-11T0:44:58.724,-0.09248310457164130
cat0,1942-12-05T12:03:54.060,0.14169988438375900
cat1,1935-08-31T2:30:09.481,0.047560729851771900
cat2,2039-05-30T23:01:49.483,-0.37031220226847000
cat0,2005-12-28T16:43:40.615,0.41472367694593700
cat1,2004-04-28T7:49:14.705,-0.06423952162800340
cat1,1958-11-07T9:19:14.513,0.8870462614665560
cat0,1984-11-23T8:43:12.767,-0.00166789349871702
cat0,2046-07-22T13:21:01.820,-0.6415224575358570
cat0,1949-02-03T19:33:55.246,-1.2675271217617800
cat1,2019-06-30T10:48:18.918,-1.3099528449974900
cat0,1931-03-10T22:32:04.468,-1
cat0,2000-07-25T1:46:04.212,-0.3663275609107800
cat0,1968-09-11T20:42:10.548,-0.05282802015138150
cat0,1919-12-12T9:35:05.988,0.4309058968146010
cat2,2009-12-16T7:26:55.412,2.4533827968032900
cat1,1994-03-02T13:07:18.881,-0.10315014270037300
cat0,1912-07-31T8:44:39.779,-0.6257450520965030
cat1,1982-04-19T11:28:13.886,0.03998579192466950
cat0,1921-01-23T0:49:00.328,-0.4627296562368210
cat1,1974-08-19T23:34:10.502,-0.2504398593804940
cat0,1973-02-13T14:04:18.048,-0.05581671912278440
cat0,1936-01-28T21:46:35.449,-0.04516849107026210
cat0,1990-09-24T6:20:33.107,2.3952359376212500
cat0,2022-06-29T19:11:26.163,1.0799700557296600
cat0,1974-04-05T8:22:14.471,0.7409102020540740
cat0,2021-05-06T12:03:37.932,-0.03670901692107490
cat0,1914-12-23T4:12:16.814,-0.44455745753485500
cat0,1935-08-24T19:03:08.318,-0.45982506588021700
cat0,1989-07-18T15:36:19.769,-0.43219455058589100
cat0,1939-02-27T3:20:38.145,0.2681281123236250
cat2,1920-11-08T11:29:32.842,0.11207997413944000
cat0,2039-02-16T13:01:40.152,0.018691036446070800
cat0,1916-07-31T10:47:48.199,1.1325189552929100
cat0,1987-09-27T12:31:23.970,0.4585648274567310
cat0,1955-07-07T2:25:41.953,-0.8977138347308100
cat0,1948-02-23T14:23:31.987,0.8089740362075610
cat0,2044-10-06T8:26:21.821,-0.7379100013224970
cat0,2035-10-12T3:53:27.169,0.9497095572729140
cat2,2024-06-14T16:58:25.464,-0.24685785926393300
cat2,1943-09-18T18:32:32.671,-0.2788307925804300
cat0,1907-11-16T0:54:03.800,-1.8561477091486800
cat0,1927-08-30T15:42:23.266,-0.1620867688151570
cat2,1902-11-25T5:24:30.871,0.5690532347729310
cat1,2013-06-28T14:58:08.341,-0.5219678590500580
cat0,1997-01-24T20:35:22.809,0.3764668121095580
cat0,1970-04-14T3:59:04.588,-0.14594701926370000
cat0,1986-10-23T17:54:26.257,-1.1241176113925400
cat0,2048-11-26T14:38:37.283,0.6602390725712170
cat2,1975-09-16T6:14:41.770,0.6700272315116490
cat0,1928-05-31T9:55:09.280,0.5381879356073510
cat1,1911-11-22T21:58:54.389,-1.4926442705118500
cat0,1960-04-25T6:35:52.581,0.777349003233133
cat0,1965-04-05T4:19:25.967,0.23082441251512600
cat1,1933-08-12T3:12:31.100,0.5724715242945930
cat0,1993-08-28T7:21:18.591,0.3422598104424350
cat0,1967-02-10T5:16:31.294,-0.7438708553187880
cat1,1976-05-04T7:18:09.841,-1.2140102486654100
cat2,1901-10-07T14:15:01.155,-1.3900305260471100
cat0,1987-11-05T3:49:12.829,-0.3866555498925360
cat0,1994-07-21T4:21:10.004,0.040133692387235600
cat0,2019-06-14T16:03:22.840,1.0319259004120500
cat0,1972-04-28T23:16:03.938,-1.8232534831051000
cat2,1974-08-25T7:03:28.060,-2.3377588306547800
cat0,2049-09-04T23:04:56.258,-0.860032230824609
cat2,2045-01-07T12:49:32.056,-1.2606489518175800
cat0,1922-08-09T3:04:48.984,0.057592272484552100
cat0,1965-09-22T21:00:45.606,1.0064736342527900
cat0,1921-11-04T5:22:45.866,-0.2844280458668430
cat0,1957-01-06T0:36:41.053,-1.185022381446060
cat0,2004-08-04T8:12:01.436,0.9576596829985820
cat0,1913-01-25T9:01:28.130,-1.3332786288823000
cat0,1940-12-27T20:26:10.866,-1.1577289985147000
cat0,1952-07-03T17:12:05.558,-0.6641626915509720
cat1,1985-09-10T13:49:09.569,1.4631417332911600
cat1,1989-12-07T2:03:15.067,-0.20178157060040900
cat0,1954-07-01T17:14:47.325,-0.09078824622111580
cat0,2028-02-18T6:24:17.491,-0.04962532553404380
cat0,1975-01-13T22:24:58.331,1.848986379690380
cat0,2038-01-08T23:39:33.524,0.5518374721865490
cat1,1966-07-08T0:58:20.460,0.49456215233819300
cat0,2026-11-17T7:08:01.701,-0.22100986276737000
cat2,1905-01-15T18:33:34.003,-0.42110955640230000
cat0,2031-06-14T10:46:37.309,1.2568723287406500
cat0,1947-04-17T17:55:40.459,-1.3490199823988600
cat2,2038-06-21T3:37:51.187,0.605741416961361
cat0,2030-07-14T7:49:28.018,-0.6979063030743960
cat0,2017-04-15T0:08:39.834,0.24077481617125400
cat2,2001-12-23T8:54:05.292,0.4356819495199730
cat0,1932-01-22T5:57:33.618,1.4252859534333100
cat0,2039-10-02T13:01:09.283,-2.625386919837360
cat0,1946-08-25T0:31:24.862,1.2765371531578300
cat0,1930-02-10T11:51:23.198,-0.5096227885702360
cat2,2014-05-21T16:22:52.977,0.16398209969796600
cat1,1949-05-06T5:49:58.073,-1.3870225593410200
cat1,1989-02-02T14:09:08.698,-0.7584895343435220
cat0,1948-10-10T15:42:47.043,-1.7341883473221200
cat0,1987-02-28T16:45:32.907,0.5067189969416720
cat0,2039-11-09T18:45:29.835,1.4862506779033700
cat0,1981-06-23T13:41:22.796,-0.39929319546842700
cat0,1935-10-10T2:12:38.324,-0.4565002101662800
cat0,2029-11-27T21:37:28.183,-1.0432484429917800
cat0,1983-04-09T18:42:20.251,0.19057677373248500
cat0,2014-10-18T1:18:00.015,-0.8445524244098320
cat0,1972-10-03T7:19:31.268,-1.8106594888764100
cat0,1992-07-04T4:10:28.142,1.0240901118833500
cat0,2029-12-11T5:30:30.688,0.7316074313736680
cat0,1928-08-01T4:01:27.045,-0.8310658840944360
cat0,1929-01-16T11:35:25.175,1.7200248415633800
cat0,1966-06-06T13:19:54.160,0.5422167270241630
cat0,1916-06-10T2:02:39.123,-0.8259888109693500
cat1,1928-12-14T11:10:25.288,0.7167077284596350
cat1,2022-02-26T14:36:13.670,-1.7537399585786200
cat0,2036-05-11T14:05:11.964,-2.0805007715393900
cat0,1925-01-18T15:04:37.711,-0.9964813377959590
cat1,2041-08-12T22:17:53.822,0.8477934942364750
cat0,1995-07-31T23:29:46.532,0.43780981810361700
cat0,1999-11-26T11:06:09.131,-0.16126405255833400
cat2,2040-06-18T8:25:12.607,0.909008058085873
cat1,2033-04-09T13:15:57.178,0.16855742101712600
cat2,2005-09-08T23:53:29.154,-0.8829881365503520
cat2,1962-08-09T17:44:19.907,-0.054831642521249500
cat0,1985-08-07T13:07:54.086,0.18381608259635400
cat1,2032-01-09T5:21:19.109,0.03857537293851960
cat0,2028-03-14T11:00:29.717,0.24285153227647000
cat0,1988-06-22T1:25:09.981,1.7340948712748200
cat1,1922-01-03T5:48:33.999,-0.7180676222641370
cat2,1903-10-20T8:04:26.666,0.40159441159620500
cat0,1922-10-30T12:58:25.565,0.5152809441357310
cat0,1921-01-18T1:48:40.611,1.282054003225870
cat0,2013-11-19T5:25:38.754,0.9426270852177870
cat0,1922-06-10T20:50:07.960,-1.8802240640377400
cat1,2034-07-01T12:44:58.508,1.6475881356599700
cat1,2012-11-29T0:02:56.257,-0.8196296102541070
cat2,1935-08-16T22:07:55.977,1.1473696156514800
cat0,2043-06-15T20:47:47.889,0.9907315825269950
cat0,1938-09-16T13:23:40.366,-0.40441597497231700
cat0,1964-03-02T4:16:40.930,-0.654215169859463
cat1,2001-04-11T7:10:01.067,-0.12297513047005500
cat0,1936-11-24T7:05:23.119,1.0761471244657600
cat0,2031-12-02T9:26:29.751,1.525097519514010
cat0,1937-01-26T4:39:44.234,-0.6276299809138960
cat0,2047-12-23T9:21:44.391,-1.2232268478246800
cat0,2036-09-02T14:15:50.945,0.043459800733335100
cat0,1993-05-02T0:00:26.206,-1.419410001909770
cat0,1911-12-09T7:33:01.255,0.13249535963552200
cat0,1912-10-16T10:42:54.560,-0.45627082476414200
cat2,1948-09-11T22:59:49.411,1.354829727307460
cat0,1965-12-24T2:26:59.478,-0.9855406984926360
cat0,1955-09-04T4:02:42.329,-0.025032998727192600
cat0,1963-07-13T13:39:57.107,0.6195430691952880
cat0,2010-12-04T14:12:37.142,-0.7778425759683170
cat0,1957-03-13T19:45:09.544,-0.40190567238634200
cat0,1969-02-16T23:33:00.186,-0.020727608526111000
cat1,2049-05-29T12:42:03.207,-0.2475484947979210
cat0,1968-12-08T17:01:00.937,1.454022116277440